champion,role,patch,status,forms,engineAuditItems,engineEvidence,referenceFirst,referenceCore,comparablePurchasedCore,sameFirst,sameFirstTwo,freshNeutralReplay,url
Aatrox,TOP,16.19,ok,,Black Cleaver → Warmog's Armor → Experimental Hexplate,O → H → H,Eclipse,Eclipse → Black Cleaver,Eclipse → Black Cleaver,False,False,True,https://www.onetricks.gg/champions/builds/Aatrox
Ahri,MIDDLE,16.19,ok,,Malignance → Lich Bane → Rabadon's Deathcap,O → O → O,Malignance,Malignance → Lich Bane,Malignance → Lich Bane,True,True,True,https://www.onetricks.gg/champions/builds/Ahri
Akali,MIDDLE,16.19,ok,,Hextech Gunblade → Shadowflame → Rabadon's Deathcap,O → O → O,Hextech Gunblade,Hextech Gunblade → Shadowflame,Hextech Gunblade → Shadowflame,True,True,True,https://www.onetricks.gg/champions/builds/Akali
Akshan,MIDDLE,16.19,ok,,The Collector → Infinity Edge → Essence Reaver,O → O → H,The Collector,The Collector → Infinity Edge,The Collector → Infinity Edge,True,True,True,https://www.onetricks.gg/champions/builds/Akshan
Alistar,UTILITY,16.19,ok,,Protoplasm Harness → Winter's Approach → Warmog's Armor,O → H → H,Zeke's Convergence,Celestial Opposition → Zeke's Convergence,Zeke's Convergence,False,,True,https://www.onetricks.gg/champions/builds/Alistar
Ambessa,TOP,16.19,ok,,Eclipse → Black Cleaver → Axiom Arc,O → O → H,Eclipse,Eclipse → Black Cleaver,Eclipse → Black Cleaver,True,True,True,https://www.onetricks.gg/champions/builds/Ambessa
Amumu,UTILITY,16.19,ok,,Winter's Approach → Protoplasm Harness → Cryptbloom,H → H → H,Zeke's Convergence,Celestial Opposition → Zeke's Convergence,Zeke's Convergence,False,,True,https://www.onetricks.gg/champions/builds/Amumu
Anivia,MIDDLE,16.19,ok,,Rod of Ages → Malignance → Lich Bane,O → O → H,Rod of Ages,Rod of Ages → Malignance,Rod of Ages → Malignance,True,True,True,https://www.onetricks.gg/champions/builds/Anivia
Annie,MIDDLE,16.19,ok,,Malignance → Lich Bane → Cryptbloom,O → H → H,Malignance,Malignance → Shadowflame,Malignance → Shadowflame,True,False,True,https://www.onetricks.gg/champions/builds/Annie
Aphelios,BOTTOM,16.19,ok,,Stormrazor → Infinity Edge → Lord Dominik's Regards,O → O → O,The Collector,The Collector → Infinity Edge,The Collector → Infinity Edge,False,False,True,https://www.onetricks.gg/champions/builds/Aphelios
Ashe,BOTTOM,16.19,ok,,Hexoptics C44 → Phantom Dancer → Infinity Edge,O → O → O,Hexoptics C44,Hexoptics C44 → Phantom Dancer,Hexoptics C44 → Phantom Dancer,True,True,True,https://www.onetricks.gg/champions/builds/Ashe
AurelionSol,MIDDLE,16.19,ok,,Rylai's Crystal Scepter → Malignance → Lich Bane,O → H → H,Rylai's Crystal Scepter,Rylai's Crystal Scepter → Liandry's Torment,Rylai's Crystal Scepter → Liandry's Torment,True,False,True,https://www.onetricks.gg/champions/builds/AurelionSol
Aurora,MIDDLE,16.19,ok,,Luden's Echo → Malignance → Lich Bane,O → H → H,Stormsurge,Stormsurge → Shadowflame,Stormsurge → Shadowflame,False,False,True,https://www.onetricks.gg/champions/builds/Aurora
Azir,MIDDLE,16.19,ok,,Nashor's Tooth → Essence Reaver → Malignance,O → H → H,Nashor's Tooth,Nashor's Tooth → Shadowflame,Nashor's Tooth → Shadowflame,True,False,True,https://www.onetricks.gg/champions/builds/Azir
Bard,UTILITY,16.19,ok,,Locket of the Iron Solari → Echoes of Helia → Moonstone Renewer,O → H → H,Dead Man's Plate,Bloodsong → Dead Man's Plate,Dead Man's Plate,False,,True,https://www.onetricks.gg/champions/builds/Bard
Belveth,JUNGLE,16.19,ok,,Kraken Slayer → Blade of The Ruined King → Phantom Dancer,O → O → H,Kraken Slayer,Kraken Slayer → Blade of The Ruined King,Kraken Slayer → Blade of The Ruined King,True,True,True,https://www.onetricks.gg/champions/builds/Belveth
Blitzcrank,UTILITY,16.19,ok,,Locket of the Iron Solari → Winter's Approach → Protoplasm Harness,O → H → H,Mikael's Blessing,Mikael's Blessing → Solstice Sleigh,Mikael's Blessing,False,,True,https://www.onetricks.gg/champions/builds/Blitzcrank
Brand,BOTTOM,16.19,ok,,Malignance → Lich Bane → Cryptbloom,H → H → H,Blackfire Torch,Blackfire Torch → Liandry's Torment,Blackfire Torch → Liandry's Torment,False,False,True,https://www.onetricks.gg/champions/builds/Brand
Braum,UTILITY,16.19,ok,,Locket of the Iron Solari → Winter's Approach → Protoplasm Harness,O → H → H,Locket of the Iron Solari,Solstice Sleigh → Locket of the Iron Solari,Locket of the Iron Solari,True,,True,https://www.onetricks.gg/champions/builds/Braum
Briar,JUNGLE,16.19,ok,,Titanic Hydra → Warmog's Armor → Heartsteel,O → H → H,Titanic Hydra,Titanic Hydra → Black Cleaver,Titanic Hydra → Black Cleaver,True,False,True,https://www.onetricks.gg/champions/builds/Briar
Caitlyn,BOTTOM,16.19,ok,,Hexoptics C44 → Infinity Edge → Lord Dominik's Regards,O → O → O,Hexoptics C44,Hexoptics C44 → Infinity Edge,Hexoptics C44 → Infinity Edge,True,True,True,https://www.onetricks.gg/champions/builds/Caitlyn
Camille,TOP,16.19,ok,,Trinity Force → Ravenous Hydra → Death's Dance,O → O → O,Trinity Force,Trinity Force → Ravenous Hydra,Trinity Force → Ravenous Hydra,True,True,True,https://www.onetricks.gg/champions/builds/Camille
Cassiopeia,MIDDLE,16.19,ok,,Rod of Ages → Archangel's Staff → Malignance,O → O → H,Rod of Ages,Rod of Ages → Seraph's Embrace,Rod of Ages → Seraph's Embrace,True,False,True,https://www.onetricks.gg/champions/builds/Cassiopeia
Chogath,TOP,16.19,ok,,Heartsteel → Warmog's Armor → Winter's Approach,O → H → H,Hextech Rocketbelt,Hextech Rocketbelt → Riftmaker,Hextech Rocketbelt → Riftmaker,False,False,True,https://www.onetricks.gg/champions/builds/Chogath
Corki,BOTTOM,16.19,ok,,Essence Reaver → Hexoptics C44 → Infinity Edge,O → O → H,Essence Reaver,Essence Reaver → The Collector,Essence Reaver → The Collector,True,False,True,https://www.onetricks.gg/champions/builds/Corki
Darius,TOP,16.19,ok,,Youmuu's Ghostblade → Dead Man's Plate → Death's Dance,O → O → O,Youmuu's Ghostblade,Youmuu's Ghostblade → Dead Man's Plate,Youmuu's Ghostblade → Dead Man's Plate,True,True,True,https://www.onetricks.gg/champions/builds/Darius
Diana,MIDDLE,16.19,ok,,Lich Bane → Malignance → Cosmic Drive,O → H → H,Stormsurge,Stormsurge → Shadowflame,Stormsurge → Shadowflame,False,False,True,https://www.onetricks.gg/champions/builds/Diana
DrMundo,TOP,16.19,ok,,Warmog's Armor → Heartsteel → Titanic Hydra,O → O → O,Heartsteel,Heartsteel → Spirit Visage,Heartsteel → Spirit Visage,False,False,True,https://www.onetricks.gg/champions/builds/DrMundo
Draven,BOTTOM,16.19,ok,,Bloodthirster → Hexoptics C44 → Essence Reaver,O → O → H,Hubris,Hubris → Hexoptics C44,Hubris → Hexoptics C44,False,False,True,https://www.onetricks.gg/champions/builds/Draven
Ekko,MIDDLE,16.19,ok,,Dusk and Dawn → Shadowflame → Rabadon's Deathcap,O → O → O,Dusk and Dawn,Dusk and Dawn → Shadowflame,Dusk and Dawn → Shadowflame,True,True,True,https://www.onetricks.gg/champions/builds/Ekko
Elise,JUNGLE,16.19,ok,,Lich Bane → Shadowflame → Void Staff,O → O → O,Lich Bane,Lich Bane → Shadowflame,Lich Bane → Shadowflame,True,True,True,https://www.onetricks.gg/champions/builds/Elise
Evelynn,JUNGLE,16.19,ok,,Lich Bane → Rabadon's Deathcap → Malignance,O → O → H,Lich Bane,Lich Bane → Rabadon's Deathcap,Lich Bane → Rabadon's Deathcap,True,True,True,https://www.onetricks.gg/champions/builds/Evelynn
Ezreal,BOTTOM,16.19,ok,,Essence Reaver → Hextech Gunblade → Malignance,O → H → H,Trinity Force,Trinity Force → Muramana,Trinity Force → Muramana,False,False,True,https://www.onetricks.gg/champions/builds/Ezreal
Fiddlesticks,JUNGLE,16.19,ok,,Malignance → Lich Bane → Cryptbloom,O → H → H,Hextech Rocketbelt,Hextech Rocketbelt → Shadowflame,Hextech Rocketbelt → Shadowflame,False,False,True,https://www.onetricks.gg/champions/builds/Fiddlesticks
Fiora,TOP,16.19,ok,,Ravenous Hydra → Trinity Force → Death's Dance,O → O → O,Ravenous Hydra,Ravenous Hydra → Trinity Force,Ravenous Hydra → Trinity Force,True,True,True,https://www.onetricks.gg/champions/builds/Fiora
Fizz,MIDDLE,16.19,ok,,Lich Bane → Malignance → Cryptbloom,O → H → H,Lich Bane,Lich Bane → Zhonya's Hourglass,Lich Bane → Zhonya's Hourglass,True,False,True,https://www.onetricks.gg/champions/builds/Fizz
Galio,MIDDLE,16.19,ok,,Hextech Rocketbelt → Imperial Mandate → Winter's Approach,O → O → H,Hextech Rocketbelt,Hextech Rocketbelt → Imperial Mandate,Hextech Rocketbelt → Imperial Mandate,True,True,True,https://www.onetricks.gg/champions/builds/Galio
Gangplank,TOP,16.19,ok,,Essence Reaver → The Collector → Malignance,O → O → H,Essence Reaver,Essence Reaver → The Collector,Essence Reaver → The Collector,True,True,True,https://www.onetricks.gg/champions/builds/Gangplank
Garen,TOP,16.19,ok,,Stridebreaker → Youmuu's Ghostblade → Warmog's Armor,O → O → H,Stridebreaker,Stridebreaker → Youmuu's Ghostblade,Stridebreaker → Youmuu's Ghostblade,True,True,True,https://www.onetricks.gg/champions/builds/Garen
Gnar,TOP,16.19,ok,,Trinity Force → Black Cleaver → Sterak's Gage,O → O → O,Trinity Force,Trinity Force → Black Cleaver,Trinity Force → Black Cleaver,True,True,True,https://www.onetricks.gg/champions/builds/Gnar
Gragas,TOP,16.19,ok,,Hextech Rocketbelt → Winter's Approach → Cosmic Drive,O → H → H,Lich Bane,Lich Bane → Shadowflame,Lich Bane → Shadowflame,False,False,True,https://www.onetricks.gg/champions/builds/Gragas
Graves,JUNGLE,16.19,ok,,Hubris → The Collector → Immortal Shieldbow,O → O → O,Hubris,Hubris → The Collector,Hubris → The Collector,True,True,True,https://www.onetricks.gg/champions/builds/Graves
Gwen,TOP,16.19,ok,,Dusk and Dawn → Malignance → Hextech Gunblade,O → H → H,Dusk and Dawn,Dusk and Dawn → Shadowflame,Dusk and Dawn → Shadowflame,True,False,True,https://www.onetricks.gg/champions/builds/Gwen
Hecarim,JUNGLE,16.19,ok,,Black Cleaver → Death's Dance → Essence Reaver,O → O → H,Spear of Shojin,Spear of Shojin → Death's Dance,Spear of Shojin → Death's Dance,False,False,True,https://www.onetricks.gg/champions/builds/Hecarim
Heimerdinger,TOP,16.19,ok,,Malignance → Lich Bane → Cryptbloom,H → H → H,Blackfire Torch,Blackfire Torch → Rabadon's Deathcap,Blackfire Torch → Rabadon's Deathcap,False,False,True,https://www.onetricks.gg/champions/builds/Heimerdinger
Hwei,BOTTOM,16.19,ok,,Blackfire Torch → Horizon Focus → Malignance,O → O → H,Blackfire Torch,Blackfire Torch → Horizon Focus,Blackfire Torch → Horizon Focus,True,True,True,https://www.onetricks.gg/champions/builds/Hwei
Illaoi,TOP,16.19,ok,,Black Cleaver → Essence Reaver → Axiom Arc,O → H → H,Black Cleaver,Black Cleaver → Sterak's Gage,Black Cleaver → Sterak's Gage,True,False,True,https://www.onetricks.gg/champions/builds/Illaoi
Irelia,TOP,16.19,ok,,Blade of The Ruined King → Hullbreaker → Death's Dance,O → O → O,Blade of The Ruined King,Blade of The Ruined King → Hullbreaker,Blade of The Ruined King → Hullbreaker,True,True,True,https://www.onetricks.gg/champions/builds/Irelia
Ivern,JUNGLE,16.19,ok,,Redemption → Essence Reaver → Dawncore,O → H → H,Redemption,Redemption → Moonstone Renewer,Redemption → Moonstone Renewer,True,False,True,https://www.onetricks.gg/champions/builds/Ivern
Janna,UTILITY,16.19,ok,,Moonstone Renewer → Redemption → Dawncore,O → O → O,Moonstone Renewer,Dream Maker → Moonstone Renewer,Moonstone Renewer,True,,True,https://www.onetricks.gg/champions/builds/Janna
JarvanIV,JUNGLE,16.19,ok,,Profane Hydra → Voltaic Cyclosword → Bastionbreaker,O → O → O,Profane Hydra,Profane Hydra → Voltaic Cyclosword,Profane Hydra → Voltaic Cyclosword,True,True,True,https://www.onetricks.gg/champions/builds/JarvanIV
Jax,TOP,16.19,ok,,Trinity Force → Hextech Gunblade → Infinity Edge,O → O → H,Trinity Force,Trinity Force → Hextech Gunblade,Trinity Force → Hextech Gunblade,True,True,True,https://www.onetricks.gg/champions/builds/Jax
Jayce,TOP,16.19,ok,,Youmuu's Ghostblade → Manamune → Voltaic Cyclosword,O → O → O,Youmuu's Ghostblade,Youmuu's Ghostblade → Muramana,Youmuu's Ghostblade → Muramana,True,False,True,https://www.onetricks.gg/champions/builds/Jayce
Jhin,BOTTOM,16.19,ok,,Hubris → Phantom Dancer → Infinity Edge,O → O → O,Hubris,Hubris → Phantom Dancer,Hubris → Phantom Dancer,True,True,True,https://www.onetricks.gg/champions/builds/Jhin
Jinx,BOTTOM,16.19,ok,,Hexoptics C44 → Infinity Edge → Essence Reaver,O → O → H,Hexoptics C44,Hexoptics C44 → Runaan's Hurricane,Hexoptics C44 → Runaan's Hurricane,True,False,True,https://www.onetricks.gg/champions/builds/Jinx
KSante,TOP,16.19,ok,,Iceborn Gauntlet → Unending Despair → Warmog's Armor,O → O → H,Iceborn Gauntlet,"Iceborn Gauntlet → Jak'Sho, The Protean","Iceborn Gauntlet → Jak'Sho, The Protean",True,False,True,https://www.onetricks.gg/champions/builds/KSante
Kaisa,BOTTOM,16.19,ok,,Kraken Slayer → Guinsoo's Rageblade → Phantom Dancer,O → O → O,Kraken Slayer,Kraken Slayer → Guinsoo's Rageblade,Kraken Slayer → Guinsoo's Rageblade,True,True,True,https://www.onetricks.gg/champions/builds/Kaisa
Kalista,BOTTOM,16.19,ok,,Statikk Shiv → Guinsoo's Rageblade → Terminus,O → O → O,Statikk Shiv,Statikk Shiv → Guinsoo's Rageblade,Statikk Shiv → Guinsoo's Rageblade,True,True,True,https://www.onetricks.gg/champions/builds/Kalista
Karma,UTILITY,16.19,ok,,Echoes of Helia → Moonstone Renewer → Cryptbloom,O → O → H,Echoes of Helia,Dream Maker → Echoes of Helia,Echoes of Helia,True,,True,https://www.onetricks.gg/champions/builds/Karma
Karthus,BOTTOM,16.19,ok,,Blackfire Torch → Shadowflame → Malignance,O → O → H,Blackfire Torch,Blackfire Torch → Shadowflame,Blackfire Torch → Shadowflame,True,True,True,https://www.onetricks.gg/champions/builds/Karthus
Kassadin,MIDDLE,16.19,ok,,Malignance → Lich Bane → Cosmic Drive,O → H → H,Rod of Ages,Rod of Ages → Seraph's Embrace,Rod of Ages → Seraph's Embrace,False,False,True,https://www.onetricks.gg/champions/builds/Kassadin
Katarina,MIDDLE,16.19,ok,,Lich Bane → Shadowflame → Rabadon's Deathcap,O → O → O,Lich Bane,Lich Bane → Shadowflame,Lich Bane → Shadowflame,True,True,True,https://www.onetricks.gg/champions/builds/Katarina
Kayle,TOP,16.19,ok,,Nashor's Tooth → Essence Reaver → Infinity Edge,O → H → H,Nashor's Tooth,Nashor's Tooth → Dusk and Dawn,Nashor's Tooth → Dusk and Dawn,True,False,True,https://www.onetricks.gg/champions/builds/Kayle
Kayn,JUNGLE,16.19,unavailable,red → blue → kayn,Voltaic Cyclosword → Bastionbreaker → Essence Reaver,O → O → H,,,,,,True,https://www.onetricks.gg/champions/builds/Kayn
Kennen,TOP,16.19,ok,,Hextech Gunblade → Malignance → Lich Bane,O → H → H,Hextech Rocketbelt,Hextech Rocketbelt → Shadowflame,Hextech Rocketbelt → Shadowflame,False,False,True,https://www.onetricks.gg/champions/builds/Kennen
Khazix,JUNGLE,16.19,ok,,Umbral Glaive → Bastionbreaker → Voltaic Cyclosword,O → O → O,Umbral Glaive,Umbral Glaive → Voltaic Cyclosword,Umbral Glaive → Voltaic Cyclosword,True,False,True,https://www.onetricks.gg/champions/builds/Khazix
Kindred,JUNGLE,16.19,ok,,Kraken Slayer → Essence Reaver → Infinity Edge,O → H → H,Trinity Force,Trinity Force → The Collector,Trinity Force → The Collector,False,False,True,https://www.onetricks.gg/champions/builds/Kindred
Kled,TOP,16.19,ok,,Titanic Hydra → Black Cleaver → Essence Reaver,O → O → H,Titanic Hydra,Titanic Hydra → Hullbreaker,Titanic Hydra → Hullbreaker,True,False,True,https://www.onetricks.gg/champions/builds/Kled
KogMaw,BOTTOM,16.19,ok,,Guinsoo's Rageblade → Navori Flickerblade → Infinity Edge,O → O → H,Guinsoo's Rageblade,Guinsoo's Rageblade → Runaan's Hurricane,Guinsoo's Rageblade → Runaan's Hurricane,True,False,True,https://www.onetricks.gg/champions/builds/KogMaw
Leblanc,MIDDLE,16.19,ok,,Luden's Echo → Shadowflame → Rabadon's Deathcap,O → O → O,Luden's Echo,Luden's Echo → Shadowflame,Luden's Echo → Shadowflame,True,True,True,https://www.onetricks.gg/champions/builds/Leblanc
LeeSin,JUNGLE,16.19,ok,,Eclipse → Black Cleaver → Death's Dance,O → O → O,Eclipse,Eclipse → Black Cleaver,Eclipse → Black Cleaver,True,True,True,https://www.onetricks.gg/champions/builds/LeeSin
Leona,UTILITY,16.19,ok,,Locket of the Iron Solari → Knight's Vow → Winter's Approach,O → O → H,Locket of the Iron Solari,Bloodsong → Locket of the Iron Solari,Locket of the Iron Solari,True,,True,https://www.onetricks.gg/champions/builds/Leona
Lillia,JUNGLE,16.19,ok,,Blackfire Torch → Malignance → Lich Bane,O → H → H,Liandry's Torment,Liandry's Torment → Riftmaker,Liandry's Torment → Riftmaker,False,False,True,https://www.onetricks.gg/champions/builds/Lillia
Lissandra,MIDDLE,16.19,ok,,Malignance → Shadowflame → Lich Bane,O → O → H,Blackfire Torch,Blackfire Torch → Hextech Rocketbelt,Blackfire Torch → Hextech Rocketbelt,False,False,True,https://www.onetricks.gg/champions/builds/Lissandra
Locke,MIDDLE,16.19,ok,,,,Lich Bane,Lich Bane → Shadowflame,Lich Bane → Shadowflame,,,True,https://www.onetricks.gg/champions/builds/Locke
Lucian,BOTTOM,16.19,ok,,Essence Reaver → Infinity Edge → Hexoptics C44,O → O → H,Essence Reaver,Essence Reaver → Navori Flickerblade,Essence Reaver → Navori Flickerblade,True,False,True,https://www.onetricks.gg/champions/builds/Lucian
Lulu,UTILITY,16.19,ok,,Ardent Censer → Moonstone Renewer → Echoes of Helia,O → O → H,Ardent Censer,Dream Maker → Ardent Censer,Ardent Censer,True,,True,https://www.onetricks.gg/champions/builds/Lulu
Lux,MIDDLE,16.19,ok,,Malignance → Lich Bane → Cryptbloom,O → H → H,Luden's Echo,Luden's Echo → Stormsurge,Luden's Echo → Stormsurge,False,False,True,https://www.onetricks.gg/champions/builds/Lux
Malphite,TOP,16.19,ok,,Malignance → Warmog's Armor → Protoplasm Harness,O → H → H,Sunfire Aegis,Sunfire Aegis → Thornmail,Sunfire Aegis → Thornmail,False,False,True,https://www.onetricks.gg/champions/builds/Malphite
Malzahar,MIDDLE,16.19,ok,,Blackfire Torch → Malignance → Lich Bane,O → H → H,Blackfire Torch,Blackfire Torch → Rylai's Crystal Scepter,Blackfire Torch → Rylai's Crystal Scepter,True,False,True,https://www.onetricks.gg/champions/builds/Malzahar
Maokai,UTILITY,16.19,ok,,Bandlepipes → Winter's Approach → Warmog's Armor,O → H → H,Locket of the Iron Solari,Solstice Sleigh → Locket of the Iron Solari,Locket of the Iron Solari,False,,True,https://www.onetricks.gg/champions/builds/Maokai
MasterYi,JUNGLE,16.19,ok,,Kraken Slayer → The Collector → Infinity Edge,O → O → O,Kraken Slayer,Kraken Slayer → The Collector,Kraken Slayer → The Collector,True,True,True,https://www.onetricks.gg/champions/builds/MasterYi
Mel,MIDDLE,16.19,ok,,Luden's Echo → Malignance → Lich Bane,O → H → H,Luden's Echo,Luden's Echo → Shadowflame,Luden's Echo → Shadowflame,True,False,True,https://www.onetricks.gg/champions/builds/Mel
Milio,UTILITY,16.19,ok,,Echoes of Helia → Redemption → Staff of Flowing Water,O → H → H,Echoes of Helia,Dream Maker → Echoes of Helia,Echoes of Helia,True,,True,https://www.onetricks.gg/champions/builds/Milio
MissFortune,BOTTOM,16.19,ok,,Bloodthirster → Essence Reaver → Malignance,O → H → H,Hubris,Hubris → The Collector,Hubris → The Collector,False,False,True,https://www.onetricks.gg/champions/builds/MissFortune
MonkeyKing,JUNGLE,16.19,ok,,Trinity Force → Black Cleaver → Death's Dance,O → O → O,Trinity Force,Trinity Force → Black Cleaver,Trinity Force → Black Cleaver,True,True,True,https://www.onetricks.gg/champions/builds/MonkeyKing
Mordekaiser,TOP,16.19,ok,,Riftmaker → Cosmic Drive → Dusk and Dawn,O → H → H,Riftmaker,Riftmaker → Dusk and Dawn,Riftmaker → Dusk and Dawn,True,False,True,https://www.onetricks.gg/champions/builds/Mordekaiser
Morgana,UTILITY,16.19,ok,,Rylai's Crystal Scepter → Malignance → Lich Bane,O → H → H,Rylai's Crystal Scepter,Solstice Sleigh → Rylai's Crystal Scepter,Rylai's Crystal Scepter,True,,True,https://www.onetricks.gg/champions/builds/Morgana
Naafiri,JUNGLE,16.19,ok,,Voltaic Cyclosword → Black Cleaver → Death's Dance,O → O → O,Voltaic Cyclosword,Voltaic Cyclosword → Black Cleaver,Voltaic Cyclosword → Black Cleaver,True,True,True,https://www.onetricks.gg/champions/builds/Naafiri
Nami,UTILITY,16.19,ok,,Echoes of Helia → Moonstone Renewer → Malignance,O → O → H,Echoes of Helia,Solstice Sleigh → Echoes of Helia,Echoes of Helia,True,,True,https://www.onetricks.gg/champions/builds/Nami
Nasus,TOP,16.19,ok,,Trinity Force → Warmog's Armor → Winter's Approach,O → H → H,Trinity Force,Trinity Force → Frozen Heart,Trinity Force → Frozen Heart,True,False,True,https://www.onetricks.gg/champions/builds/Nasus
Nautilus,UTILITY,16.19,ok,,Protoplasm Harness → Winter's Approach → Warmog's Armor,O → H → H,Locket of the Iron Solari,Celestial Opposition → Locket of the Iron Solari,Locket of the Iron Solari,False,,True,https://www.onetricks.gg/champions/builds/Nautilus
Neeko,UTILITY,16.19,ok,,Hextech Rocketbelt → Malignance → Lich Bane,O → H → H,Hextech Rocketbelt,Celestial Opposition → Hextech Rocketbelt,Hextech Rocketbelt,True,,True,https://www.onetricks.gg/champions/builds/Neeko
Nidalee,JUNGLE,16.19,ok,,Lich Bane → Hextech Rocketbelt → Mejai's Soulstealer,O → O → O,Lich Bane,Lich Bane → Hextech Rocketbelt,Lich Bane → Hextech Rocketbelt,True,True,True,https://www.onetricks.gg/champions/builds/Nidalee
Nilah,BOTTOM,16.19,ok,,Essence Reaver → Infinity Edge → Hexoptics C44,H → H → H,The Collector,The Collector → Infinity Edge,The Collector → Infinity Edge,False,False,True,https://www.onetricks.gg/champions/builds/Nilah
Nocturne,JUNGLE,16.19,ok,,Experimental Hexplate → Essence Reaver → Guardian Angel,O → H → H,Profane Hydra,Profane Hydra → Axiom Arc,Profane Hydra → Axiom Arc,False,False,True,https://www.onetricks.gg/champions/builds/Nocturne
Nunu,JUNGLE,16.19,ok,,Hextech Rocketbelt → Warmog's Armor → Winter's Approach,O → H → H,Liandry's Torment,Liandry's Torment → Dead Man's Plate,Liandry's Torment → Dead Man's Plate,False,False,True,https://www.onetricks.gg/champions/builds/Nunu
Olaf,TOP,16.19,ok,,Stridebreaker → Experimental Hexplate → Essence Reaver,O → O → H,Ravenous Hydra,Ravenous Hydra → Death's Dance,Ravenous Hydra → Death's Dance,False,False,True,https://www.onetricks.gg/champions/builds/Olaf
Orianna,MIDDLE,16.19,ok,,Blackfire Torch → Hextech Rocketbelt → Malignance,O → O → H,Blackfire Torch,Blackfire Torch → Hextech Rocketbelt,Blackfire Torch → Hextech Rocketbelt,True,True,True,https://www.onetricks.gg/champions/builds/Orianna
Ornn,TOP,16.19,ok,,Unending Despair → Warmog's Armor → Winter's Approach,O → H → H,Unending Despair,Unending Despair → Kaenic Rookern,Unending Despair → Kaenic Rookern,True,False,True,https://www.onetricks.gg/champions/builds/Ornn
Pantheon,TOP,16.19,ok,,Black Cleaver → Malignance → Hextech Gunblade,O → H → H,Bastionbreaker,Bastionbreaker → Voltaic Cyclosword,Bastionbreaker → Voltaic Cyclosword,False,False,True,https://www.onetricks.gg/champions/builds/Pantheon
Poppy,TOP,16.19,ok,,Sunfire Aegis → Essence Reaver → Winter's Approach,O → H → H,Sundered Sky,Sundered Sky → Fimbulwinter,Sundered Sky → Fimbulwinter,False,False,True,https://www.onetricks.gg/champions/builds/Poppy
Pyke,UTILITY,16.19,ok,,Umbral Glaive → Essence Reaver → Axiom Arc,O → H → H,Umbral Glaive,Celestial Opposition → Umbral Glaive,Umbral Glaive,True,,True,https://www.onetricks.gg/champions/builds/Pyke
Qiyana,JUNGLE,16.19,ok,,Umbral Glaive → Bastionbreaker → Essence Reaver,O → O → H,Voltaic Cyclosword,Voltaic Cyclosword → Bastionbreaker,Voltaic Cyclosword → Bastionbreaker,False,False,True,https://www.onetricks.gg/champions/builds/Qiyana
Quinn,TOP,16.19,ok,,Profane Hydra → Essence Reaver → Infinity Edge,O → H → H,Profane Hydra,Profane Hydra → Edge of Night,Profane Hydra → Edge of Night,True,False,True,https://www.onetricks.gg/champions/builds/Quinn
Rakan,UTILITY,16.19,ok,,Zeke's Convergence → Locket of the Iron Solari → Echoes of Helia,O → O → H,Zeke's Convergence,Celestial Opposition → Zeke's Convergence,Zeke's Convergence,True,,True,https://www.onetricks.gg/champions/builds/Rakan
Rammus,JUNGLE,16.19,ok,,Winter's Approach → Warmog's Armor → Cosmic Drive,H → H → H,Thornmail,Thornmail → Sunfire Aegis,Thornmail → Sunfire Aegis,False,False,True,https://www.onetricks.gg/champions/builds/Rammus
RekSai,JUNGLE,16.19,ok,,Titanic Hydra → Spear of Shojin → Black Cleaver,O → O → H,Titanic Hydra,Titanic Hydra → Spear of Shojin,Titanic Hydra → Spear of Shojin,True,True,True,https://www.onetricks.gg/champions/builds/RekSai
Rell,UTILITY,16.19,ok,,Protoplasm Harness → Winter's Approach → Warmog's Armor,O → H → H,Locket of the Iron Solari,Celestial Opposition → Locket of the Iron Solari,Locket of the Iron Solari,False,,True,https://www.onetricks.gg/champions/builds/Rell
Renata,UTILITY,16.19,ok,,Shurelya's Battlesong → Echoes of Helia → Malignance,O → H → H,Locket of the Iron Solari,Solstice Sleigh → Locket of the Iron Solari,Locket of the Iron Solari,False,,True,https://www.onetricks.gg/champions/builds/Renata
Renekton,TOP,16.19,ok,,Black Cleaver → Essence Reaver → Axiom Arc,O → H → H,Eclipse,Eclipse → Black Cleaver,Eclipse → Black Cleaver,False,False,True,https://www.onetricks.gg/champions/builds/Renekton
Rengar,JUNGLE,16.19,ok,,Umbral Glaive → Profane Hydra → Lord Dominik's Regards,O → O → O,Umbral Glaive,Umbral Glaive → Profane Hydra,Umbral Glaive → Profane Hydra,True,True,True,https://www.onetricks.gg/champions/builds/Rengar
Riven,TOP,16.19,ok,,Axiom Arc → Umbral Glaive → Bastionbreaker,O → H → H,Axiom Arc,Axiom Arc → Endless Hunger,Axiom Arc → Endless Hunger,True,False,True,https://www.onetricks.gg/champions/builds/Riven
Rumble,TOP,16.19,ok,,Hextech Rocketbelt → Malignance → Cosmic Drive,O → H → H,Liandry's Torment,Liandry's Torment → Bloodletter's Curse,Liandry's Torment → Bloodletter's Curse,False,False,True,https://www.onetricks.gg/champions/builds/Rumble
Ryze,MIDDLE,16.19,ok,,Rod of Ages → Archangel's Staff → Actualizer,O → O → O,Rod of Ages,Rod of Ages → Seraph's Embrace,Rod of Ages → Seraph's Embrace,True,False,True,https://www.onetricks.gg/champions/builds/Ryze
Samira,BOTTOM,16.19,ok,,The Collector → Infinity Edge → Essence Reaver,O → H → H,The Collector,The Collector → Infinity Edge,The Collector → Infinity Edge,True,True,True,https://www.onetricks.gg/champions/builds/Samira
Sejuani,JUNGLE,16.19,ok,,Heartsteel → Malignance → Cosmic Drive,O → H → H,Heartsteel,Heartsteel → Unending Despair,Heartsteel → Unending Despair,True,False,True,https://www.onetricks.gg/champions/builds/Sejuani
Senna,UTILITY,16.19,ok,,Black Cleaver → Statikk Shiv → Essence Reaver,O → O → H,Black Cleaver,Black Cleaver → Bloodsong,Black Cleaver,True,,True,https://www.onetricks.gg/champions/builds/Senna
Seraphine,BOTTOM,16.19,ok,,Blackfire Torch → Malignance → Lich Bane,O → H → H,Blackfire Torch,Blackfire Torch → Lich Bane,Blackfire Torch → Lich Bane,True,False,True,https://www.onetricks.gg/champions/builds/Seraphine
Sett,TOP,16.19,ok,,Stridebreaker → Black Cleaver → Trinity Force,O → H → H,Stridebreaker,Stridebreaker → Black Cleaver,Stridebreaker → Black Cleaver,True,True,True,https://www.onetricks.gg/champions/builds/Sett
Shaco,JUNGLE,16.19,ok,,Blackfire Torch → Liandry's Torment → Malignance,O → O → H,Blackfire Torch,Blackfire Torch → Liandry's Torment,Blackfire Torch → Liandry's Torment,True,True,True,https://www.onetricks.gg/champions/builds/Shaco
Shen,TOP,16.19,ok,,Titanic Hydra → Dusk and Dawn → Warmog's Armor,O → O → H,Titanic Hydra,Titanic Hydra → Dusk and Dawn,Titanic Hydra → Dusk and Dawn,True,True,True,https://www.onetricks.gg/champions/builds/Shen
Shyvana,JUNGLE,16.19,ok,,Trinity Force → Spear of Shojin → Death's Dance,O → O → O,Trinity Force,Trinity Force → Spear of Shojin,Trinity Force → Spear of Shojin,True,True,True,https://www.onetricks.gg/champions/builds/Shyvana
Singed,TOP,16.19,ok,,Rylai's Crystal Scepter → Winter's Approach → Protoplasm Harness,O → H → H,Liandry's Torment,Liandry's Torment → Rylai's Crystal Scepter,Liandry's Torment → Rylai's Crystal Scepter,False,False,True,https://www.onetricks.gg/champions/builds/Singed
Sion,TOP,16.19,ok,,Heartsteel → Warmog's Armor → Winter's Approach,O → H → H,Unending Despair,Unending Despair → Spirit Visage,Unending Despair → Spirit Visage,False,False,True,https://www.onetricks.gg/champions/builds/Sion
Sivir,BOTTOM,16.19,ok,,Essence Reaver → Infinity Edge → Hexoptics C44,O → H → H,Yun Tal Wildarrows,Yun Tal Wildarrows → Infinity Edge,Yun Tal Wildarrows → Infinity Edge,False,False,True,https://www.onetricks.gg/champions/builds/Sivir
Skarner,JUNGLE,16.19,ok,,Heartsteel → Unending Despair → Warmog's Armor,O → O → H,Heartsteel,Heartsteel → Unending Despair,Heartsteel → Unending Despair,True,True,True,https://www.onetricks.gg/champions/builds/Skarner
Smolder,BOTTOM,16.19,ok,,Essence Reaver → Infinity Edge → Axiom Arc,H → H → H,Essence Reaver,Essence Reaver → Black Cleaver,Essence Reaver → Black Cleaver,True,False,True,https://www.onetricks.gg/champions/builds/Smolder
Sona,UTILITY,16.19,ok,,Echoes of Helia → Malignance → Cryptbloom,O → H → H,Echoes of Helia,Bloodsong → Echoes of Helia,Echoes of Helia,True,,True,https://www.onetricks.gg/champions/builds/Sona
Soraka,UTILITY,16.19,ok,,Moonstone Renewer → Echoes of Helia → Redemption,O → H → H,Moonstone Renewer,Celestial Opposition → Moonstone Renewer,Moonstone Renewer,True,,True,https://www.onetricks.gg/champions/builds/Soraka
Swain,BOTTOM,16.19,ok,,Rylai's Crystal Scepter → Malignance → Cosmic Drive,O → H → H,Rylai's Crystal Scepter,Rylai's Crystal Scepter → Liandry's Torment,Rylai's Crystal Scepter → Liandry's Torment,True,False,True,https://www.onetricks.gg/champions/builds/Swain
Sylas,MIDDLE,16.19,ok,,Hextech Rocketbelt → Riftmaker → Winter's Approach,O → O → H,Hextech Rocketbelt,Hextech Rocketbelt → Riftmaker,Hextech Rocketbelt → Riftmaker,True,True,True,https://www.onetricks.gg/champions/builds/Sylas
Syndra,MIDDLE,16.19,ok,,Blackfire Torch → Cosmic Drive → Rabadon's Deathcap,O → O → O,Blackfire Torch,Blackfire Torch → Cosmic Drive,Blackfire Torch → Cosmic Drive,True,True,True,https://www.onetricks.gg/champions/builds/Syndra
TahmKench,UTILITY,16.19,ok,,Echoes of Helia → Moonstone Renewer → Warmog's Armor,H → H → H,Heartsteel,Solstice Sleigh → Heartsteel,Heartsteel,False,,True,https://www.onetricks.gg/champions/builds/TahmKench
Taliyah,MIDDLE,16.19,ok,,Blackfire Torch → Lich Bane → Cryptbloom,O → H → H,Blackfire Torch,Blackfire Torch → Cosmic Drive,Blackfire Torch → Cosmic Drive,True,False,True,https://www.onetricks.gg/champions/builds/Taliyah
Talon,JUNGLE,16.19,ok,,Umbral Glaive → Bastionbreaker → Voltaic Cyclosword,O → O → O,Umbral Glaive,Umbral Glaive → Bastionbreaker,Umbral Glaive → Bastionbreaker,True,True,True,https://www.onetricks.gg/champions/builds/Talon
Taric,UTILITY,16.19,ok,,Locket of the Iron Solari → Echoes of Helia → Moonstone Renewer,O → H → H,Locket of the Iron Solari,Dream Maker → Locket of the Iron Solari,Locket of the Iron Solari,True,,True,https://www.onetricks.gg/champions/builds/Taric
Teemo,TOP,16.19,ok,,Statikk Shiv → Essence Reaver → Infinity Edge,O → H → H,Statikk Shiv,Statikk Shiv → Liandry's Torment,Statikk Shiv → Liandry's Torment,True,False,True,https://www.onetricks.gg/champions/builds/Teemo
Thresh,UTILITY,16.19,ok,,Locket of the Iron Solari → Knight's Vow → Bandlepipes,O → O → O,Locket of the Iron Solari,Locket of the Iron Solari → Solstice Sleigh,Locket of the Iron Solari,True,,True,https://www.onetricks.gg/champions/builds/Thresh
Tristana,BOTTOM,16.19,ok,,Yun Tal Wildarrows → Infinity Edge → Navori Flickerblade,O → O → O,Yun Tal Wildarrows,Yun Tal Wildarrows → Infinity Edge,Yun Tal Wildarrows → Infinity Edge,True,True,True,https://www.onetricks.gg/champions/builds/Tristana
Trundle,TOP,16.19,ok,,Ravenous Hydra → Warmog's Armor → Winter's Approach,O → H → H,Ravenous Hydra,Ravenous Hydra → Blade of The Ruined King,Ravenous Hydra → Blade of The Ruined King,True,False,True,https://www.onetricks.gg/champions/builds/Trundle
Tryndamere,TOP,16.19,ok,,Ravenous Hydra → Yun Tal Wildarrows → Infinity Edge,O → O → H,Ravenous Hydra,Ravenous Hydra → Yun Tal Wildarrows,Ravenous Hydra → Yun Tal Wildarrows,True,True,True,https://www.onetricks.gg/champions/builds/Tryndamere
TwistedFate,MIDDLE,16.19,ok,,Hextech Rocketbelt → Lich Bane → Rapid Firecannon,O → O → O,Rod of Ages,Rod of Ages → Lich Bane,Rod of Ages → Lich Bane,False,False,True,https://www.onetricks.gg/champions/builds/TwistedFate
Twitch,BOTTOM,16.19,ok,,Yun Tal Wildarrows → Essence Reaver → Infinity Edge,O → H → H,The Collector,The Collector → Fiendhunter Bolts,The Collector → Fiendhunter Bolts,False,False,True,https://www.onetricks.gg/champions/builds/Twitch
Udyr,JUNGLE,16.19,ok,,Spear of Shojin → Warmog's Armor → Heartsteel,O → H → H,Spear of Shojin,Spear of Shojin → Death's Dance,Spear of Shojin → Death's Dance,True,False,True,https://www.onetricks.gg/champions/builds/Udyr
Urgot,TOP,16.19,ok,,Black Cleaver → Sterak's Gage → Dead Man's Plate,O → O → O,Black Cleaver,Black Cleaver → Sterak's Gage,Black Cleaver → Sterak's Gage,True,True,True,https://www.onetricks.gg/champions/builds/Urgot
Varus,BOTTOM,16.19,ok,,Statikk Shiv → Guinsoo's Rageblade → Terminus,O → O → O,Statikk Shiv,Statikk Shiv → Guinsoo's Rageblade,Statikk Shiv → Guinsoo's Rageblade,True,True,True,https://www.onetricks.gg/champions/builds/Varus
Vayne,BOTTOM,16.19,ok,,Essence Reaver → Infinity Edge → Hexoptics C44,H → H → H,Kraken Slayer,Kraken Slayer → Guinsoo's Rageblade,Kraken Slayer → Guinsoo's Rageblade,False,False,True,https://www.onetricks.gg/champions/builds/Vayne
Veigar,MIDDLE,16.19,ok,,Luden's Echo → Malignance → Lich Bane,O → H → H,Rod of Ages,Rod of Ages → Rabadon's Deathcap,Rod of Ages → Rabadon's Deathcap,False,False,True,https://www.onetricks.gg/champions/builds/Veigar
Velkoz,BOTTOM,16.19,ok,,Blackfire Torch → Malignance → Lich Bane,O → H → H,Blackfire Torch,Blackfire Torch → Horizon Focus,Blackfire Torch → Horizon Focus,True,False,True,https://www.onetricks.gg/champions/builds/Velkoz
Vex,MIDDLE,16.19,ok,,Luden's Echo → Malignance → Lich Bane,O → H → H,Luden's Echo,Luden's Echo → Shadowflame,Luden's Echo → Shadowflame,True,False,True,https://www.onetricks.gg/champions/builds/Vex
Vi,JUNGLE,16.19,ok,,Trinity Force → Black Cleaver → Guardian Angel,O → O → O,Trinity Force,Trinity Force → Black Cleaver,Trinity Force → Black Cleaver,True,True,True,https://www.onetricks.gg/champions/builds/Vi
Viego,JUNGLE,16.19,ok,,Kraken Slayer → The Collector → Immortal Shieldbow,O → O → O,Kraken Slayer,Kraken Slayer → The Collector,Kraken Slayer → The Collector,True,True,True,https://www.onetricks.gg/champions/builds/Viego
Viktor,MIDDLE,16.19,ok,,Blackfire Torch → Lich Bane → Rabadon's Deathcap,O → O → O,Blackfire Torch,Blackfire Torch → Liandry's Torment,Blackfire Torch → Liandry's Torment,True,False,True,https://www.onetricks.gg/champions/builds/Viktor
Vladimir,MIDDLE,16.19,ok,,Cosmic Drive → Hextech Rocketbelt → Dusk and Dawn,O → H → H,Stormsurge,Stormsurge → Liandry's Torment,Stormsurge → Liandry's Torment,False,False,True,https://www.onetricks.gg/champions/builds/Vladimir
Volibear,TOP,16.19,ok,,Dusk and Dawn → Warmog's Armor → Heartsteel,O → H → H,Dusk and Dawn,Dusk and Dawn → Navori Flickerblade,Dusk and Dawn → Navori Flickerblade,True,False,True,https://www.onetricks.gg/champions/builds/Volibear
Warwick,TOP,16.19,ok,,Stridebreaker → Essence Reaver → Rod of Ages,O → H → H,Blade of The Ruined King,Blade of The Ruined King → Death's Dance,Blade of The Ruined King → Death's Dance,False,False,True,https://www.onetricks.gg/champions/builds/Warwick
Xayah,BOTTOM,16.19,ok,,Essence Reaver → Infinity Edge → Hexoptics C44,O → H → H,Yun Tal Wildarrows,Yun Tal Wildarrows → Infinity Edge,Yun Tal Wildarrows → Infinity Edge,False,False,True,https://www.onetricks.gg/champions/builds/Xayah
Xerath,MIDDLE,16.19,ok,,Luden's Echo → Shadowflame → Malignance,O → O → H,Luden's Echo,Luden's Echo → Shadowflame,Luden's Echo → Shadowflame,True,True,True,https://www.onetricks.gg/champions/builds/Xerath
XinZhao,JUNGLE,16.19,ok,,Titanic Hydra → Black Cleaver → Essence Reaver,O → O → H,Titanic Hydra,Titanic Hydra → Black Cleaver,Titanic Hydra → Black Cleaver,True,True,True,https://www.onetricks.gg/champions/builds/XinZhao
Yasuo,MIDDLE,16.19,ok,,Phantom Dancer → Infinity Edge → Yun Tal Wildarrows,O → H → H,Immortal Shieldbow,Immortal Shieldbow → Infinity Edge,Immortal Shieldbow → Infinity Edge,False,False,True,https://www.onetricks.gg/champions/builds/Yasuo
Yone,MIDDLE,16.19,ok,,Stormrazor → Phantom Dancer → Yun Tal Wildarrows,O → H → H,Immortal Shieldbow,Immortal Shieldbow → Infinity Edge,Immortal Shieldbow → Infinity Edge,False,False,True,https://www.onetricks.gg/champions/builds/Yone
Yorick,TOP,16.19,ok,,Trinity Force → Winter's Approach → Protoplasm Harness,O → H → H,Trinity Force,Trinity Force → Spear of Shojin,Trinity Force → Spear of Shojin,True,False,True,https://www.onetricks.gg/champions/builds/Yorick
Yunara,BOTTOM,16.19,ok,,Kraken Slayer → Runaan's Hurricane → Infinity Edge,O → O → O,Kraken Slayer,Kraken Slayer → Runaan's Hurricane,Kraken Slayer → Runaan's Hurricane,True,True,True,https://www.onetricks.gg/champions/builds/Yunara
Yuumi,UTILITY,16.19,ok,,Echoes of Helia → Redemption → Moonstone Renewer,O → H → H,Ardent Censer,Dream Maker → Ardent Censer,Ardent Censer,False,,True,https://www.onetricks.gg/champions/builds/Yuumi
Zaahen,TOP,16.19,ok,,,,Trinity Force,Trinity Force → Stridebreaker,Trinity Force → Stridebreaker,,,True,https://www.onetricks.gg/champions/builds/Zaahen
Zac,JUNGLE,16.19,ok,,Hextech Rocketbelt → Sunfire Aegis → Spirit Visage,O → O → O,Hextech Rocketbelt,Hextech Rocketbelt → Sunfire Aegis,Hextech Rocketbelt → Sunfire Aegis,True,True,True,https://www.onetricks.gg/champions/builds/Zac
Zed,MIDDLE,16.19,ok,,Voltaic Cyclosword → Bastionbreaker → Serylda's Grudge,O → O → O,Voltaic Cyclosword,Voltaic Cyclosword → Bastionbreaker,Voltaic Cyclosword → Bastionbreaker,True,True,True,https://www.onetricks.gg/champions/builds/Zed
Zeri,BOTTOM,16.19,ok,,Yun Tal Wildarrows → Runaan's Hurricane → Infinity Edge,O → O → O,Yun Tal Wildarrows,Yun Tal Wildarrows → Runaan's Hurricane,Yun Tal Wildarrows → Runaan's Hurricane,True,True,True,https://www.onetricks.gg/champions/builds/Zeri
Ziggs,BOTTOM,16.19,ok,,Luden's Echo → Shadowflame → Rabadon's Deathcap,O → O → O,Luden's Echo,Luden's Echo → Shadowflame,Luden's Echo → Shadowflame,True,True,True,https://www.onetricks.gg/champions/builds/Ziggs
Zilean,UTILITY,16.19,ok,,Shurelya's Battlesong → Echoes of Helia → Cryptbloom,O → H → H,Shurelya's Battlesong,Solstice Sleigh → Shurelya's Battlesong,Shurelya's Battlesong,True,,True,https://www.onetricks.gg/champions/builds/Zilean
Zoe,MIDDLE,16.19,ok,,Luden's Echo → Lich Bane → Shadowflame,O → O → O,Luden's Echo,Luden's Echo → Lich Bane,Luden's Echo → Lich Bane,True,True,True,https://www.onetricks.gg/champions/builds/Zoe
Zyra,JUNGLE,16.19,ok,,Liandry's Torment → Shadowflame → Malignance,O → O → H,Liandry's Torment,Liandry's Torment → Shadowflame,Liandry's Torment → Shadowflame,True,True,True,https://www.onetricks.gg/champions/builds/Zyra
