champion,role,patch,original_first_flag,original_core_flag,new_first_flag,new_core_flag,newly_flagged,source_core,before,after,resolution,first_diagnosis,second_diagnosis,source_first_local_sample,chosen_first_local_sample,source_url,source_retrieved
Aatrox,TOP,16.19,True,True,True,True,False,Eclipse > Black Cleaver,Black Cleaver > Spear of Shojin > Death's Dance,Black Cleaver > Spear of Shojin > Death's Dance,remaining_difference,ranked_below_in_observed_pool; source_score=0.7340; selected_score=0.9166; calibration_pending,different_prefix; second-purchase comparison is not like-for-like,181 games; 48.1% observed wins,76 games; 55.3% observed wins,https://www.onetricks.gg/champions/builds/Aatrox,2026-10-01T18:21:13.253882+00:00
Ahri,TOP,16.19,True,True,True,True,False,Blackfire Torch > Cosmic Drive,Malignance > Lich Bane > Shadowflame,Malignance > Lich Bane > Shadowflame,remaining_difference,ranked_below_in_external_pool; source_score=1.7135; selected_score=1.9624; calibration_pending,different_prefix; second-purchase comparison is not like-for-like,35 games; 57.1% observed wins,24 games; 50.0% observed wins,https://www.onetricks.gg/champions/builds/Ahri?role=top,2026-10-01T19:03:00.361314+00:00
Alistar,UTILITY,16.19,True,False,False,False,False,Zeke's Convergence,Locket of the Iron Solari > Knight's Vow > Winter's Approach,Zeke's Convergence > Knight's Vow > Winter's Approach,matches_first_and_core,matches_reference,no_second_reference,769 games; 53.8% observed wins,769 games; 53.8% observed wins,https://www.onetricks.gg/champions/builds/Alistar,2026-10-01T18:28:18.669522+00:00
Amumu,TOP,16.19,True,True,False,False,False,Thornmail > Winter's Approach,Winter's Approach > Cosmic Drive > Warmog's Armor,Thornmail > Winter's Approach > Imperial Mandate,matches_first_and_core,matches_reference,matches_reference,no observations,no observations,https://www.onetricks.gg/champions/builds/Amumu?role=top,2026-10-01T19:03:34.924118+00:00
Amumu,JUNGLE,16.19,False,True,False,True,False,Liandry's Torment > Sunfire Aegis,Liandry's Torment > Zeke's Convergence > Abyssal Mask,Liandry's Torment > Zeke's Convergence > Abyssal Mask,remaining_difference,matches_reference,ranked_below_in_external_pool; source_score=1.3179; selected_score=1.3637; calibration_pending,25 games; 28.0% observed wins,25 games; 28.0% observed wins,https://www.onetricks.gg/champions/builds/Amumu?role=jungle,2026-10-01T19:03:34.900789+00:00
Anivia,BOTTOM,16.19,True,True,True,True,False,Rod of Ages > Malignance,Malignance > Liandry's Torment > Cosmic Drive,Malignance > Liandry's Torment > Cosmic Drive,remaining_difference,ranked_below_in_external_pool; source_score=1.4980; selected_score=1.6856; calibration_pending,different_prefix; second-purchase comparison is not like-for-like,23 games; 52.2% observed wins,8 games; 50.0% observed wins,https://www.onetricks.gg/champions/builds/Anivia?role=bot,2026-10-01T19:03:45.305296+00:00
Annie,MIDDLE,16.19,False,True,False,True,False,Malignance > Shadowflame,Malignance > Hextech Rocketbelt > Shadowflame,Malignance > Hextech Rocketbelt > Shadowflame,remaining_difference,matches_reference,ranked_below_in_external_pool; source_score=1.5368; selected_score=1.5428; calibration_pending,144 games; 43.8% observed wins,144 games; 43.8% observed wins,https://www.onetricks.gg/champions/builds/Annie,2026-10-01T18:21:27.343545+00:00
Aphelios,BOTTOM,16.19,True,True,True,True,False,The Collector > Infinity Edge,Stormrazor > Infinity Edge > Lord Dominik's Regards,Stormrazor > Infinity Edge > Lord Dominik's Regards,remaining_difference,ranked_below_in_observed_pool; source_score=0.8290; selected_score=0.8829; calibration_pending,different_prefix; second-purchase comparison is not like-for-like,528 games; 45.6% observed wins,329 games; 51.4% observed wins,https://www.onetricks.gg/champions/builds/Aphelios,2026-10-01T18:21:35.760446+00:00
AurelionSol,BOTTOM,16.19,True,True,False,False,False,Rylai's Crystal Scepter > Liandry's Torment,Blackfire Torch > Rylai's Crystal Scepter > Liandry's Torment,Rylai's Crystal Scepter > Liandry's Torment > Bloodletter's Curse,matches_first_and_core,matches_reference,matches_reference,149 games; 54.4% observed wins,149 games; 54.4% observed wins,https://www.onetricks.gg/champions/builds/AurelionSol?role=bot,2026-10-01T19:04:10.005742+00:00
Aurora,TOP,16.19,True,True,True,True,False,Stormsurge > Shadowflame,Luden's Echo > Shadowflame > Stormsurge,Luden's Echo > Shadowflame > Stormsurge,remaining_difference,ranked_below_in_observed_pool; source_score=0.8356; selected_score=1.0411; calibration_pending,different_prefix; second-purchase comparison is not like-for-like,77 games; 45.5% observed wins,67 games; 44.8% observed wins,https://www.onetricks.gg/champions/builds/Aurora?role=top,2026-10-01T19:04:14.950796+00:00
Aurora,MIDDLE,16.19,True,True,False,False,False,Stormsurge > Shadowflame,Luden's Echo > Shadowflame > Rabadon's Deathcap,Stormsurge > Shadowflame > Rabadon's Deathcap,matches_first_and_core,matches_reference,matches_reference,324 games; 48.1% observed wins,324 games; 48.1% observed wins,https://www.onetricks.gg/champions/builds/Aurora,2026-10-01T18:21:35.898851+00:00
Azir,TOP,16.19,False,True,False,True,False,Nashor's Tooth > Riftmaker,Nashor's Tooth > Rabadon's Deathcap > Shadowflame,Nashor's Tooth > Rabadon's Deathcap > Shadowflame,remaining_difference,matches_reference,ranked_below_in_external_pool; source_score=1.3076; selected_score=1.3498; calibration_pending,32 games; 59.4% observed wins,32 games; 59.4% observed wins,https://www.onetricks.gg/champions/builds/Azir?role=top,2026-10-01T19:04:20.809362+00:00
Azir,BOTTOM,16.19,False,True,False,True,False,Nashor's Tooth > Riftmaker,Nashor's Tooth > Rabadon's Deathcap > Void Staff,Nashor's Tooth > Rabadon's Deathcap > Void Staff,remaining_difference,matches_reference,ranked_below_in_external_pool; source_score=1.3076; selected_score=1.3088; calibration_pending,8 games; 75.0% observed wins,8 games; 75.0% observed wins,https://www.onetricks.gg/champions/builds/Azir?role=bot,2026-10-01T19:04:25.004806+00:00
Bard,UTILITY,16.19,True,False,True,False,False,Dead Man's Plate,Locket of the Iron Solari > Bandlepipes > Echoes of Helia,Locket of the Iron Solari > Bandlepipes > Echoes of Helia,remaining_difference,ranked_below_in_observed_pool; source_score=0.2127; selected_score=0.4039; calibration_pending,no_second_reference,378 games; 48.9% observed wins,388 games; 47.2% observed wins,https://www.onetricks.gg/champions/builds/Bard,2026-10-01T18:28:18.742173+00:00
Blitzcrank,UTILITY,16.19,True,False,True,False,False,Mikael's Blessing,Locket of the Iron Solari > Winter's Approach > Protoplasm Harness,Locket of the Iron Solari > Winter's Approach > Protoplasm Harness,remaining_difference,excluded:absent_threat:cc,no_second_reference,66 games; 40.9% observed wins,441 games; 50.1% observed wins,https://www.onetricks.gg/champions/builds/Blitzcrank,2026-10-01T18:21:49.453296+00:00
Brand,TOP,16.19,True,True,True,True,False,Rylai's Crystal Scepter > Liandry's Torment,Blackfire Torch > Rylai's Crystal Scepter > Malignance,Blackfire Torch > Rylai's Crystal Scepter > Malignance,remaining_difference,ranked_below_in_external_pool; source_score=1.3132; selected_score=1.6449; calibration_pending,different_prefix; second-purchase comparison is not like-for-like,5 games; 40.0% observed wins,2 games; 0.0% observed wins,https://www.onetricks.gg/champions/builds/Brand?role=top,2026-10-01T19:04:44.847300+00:00
Brand,JUNGLE,16.19,True,True,True,True,False,Liandry's Torment > Rylai's Crystal Scepter,Blackfire Torch > Liandry's Torment > Rylai's Crystal Scepter,Blackfire Torch > Liandry's Torment > Rylai's Crystal Scepter,remaining_difference,ranked_below_in_external_pool; source_score=1.4044; selected_score=1.7295; calibration_pending,different_prefix; second-purchase comparison is not like-for-like,15 games; 40.0% observed wins,6 games; 33.3% observed wins,https://www.onetricks.gg/champions/builds/Brand?role=jungle,2026-10-01T19:04:51.466784+00:00
Brand,MIDDLE,16.19,True,True,True,True,False,Rylai's Crystal Scepter > Liandry's Torment,Blackfire Torch > Liandry's Torment > Rylai's Crystal Scepter,Blackfire Torch > Liandry's Torment > Rylai's Crystal Scepter,remaining_difference,ranked_below_in_external_pool; source_score=1.3132; selected_score=1.7535; calibration_pending,different_prefix; second-purchase comparison is not like-for-like,13 games; 46.2% observed wins,3 games; 66.7% observed wins,https://www.onetricks.gg/champions/builds/Brand?role=mid,2026-10-01T19:04:51.781700+00:00
Briar,MIDDLE,16.19,True,True,True,True,False,Eclipse > Titanic Hydra,Titanic Hydra > Black Cleaver > Death's Dance,Titanic Hydra > Black Cleaver > Death's Dance,remaining_difference,ranked_below_in_external_pool; source_score=1.2295; selected_score=1.4329; calibration_pending,different_prefix; second-purchase comparison is not like-for-like,2 games; 50.0% observed wins,6 games; 16.7% observed wins,https://www.onetricks.gg/champions/builds/Briar?role=mid,2026-10-01T19:05:02.633824+00:00
Camille,UTILITY,16.19,True,False,True,False,False,Eclipse,Sundered Sky > Essence Reaver > Axiom Arc,Sundered Sky > Essence Reaver > Axiom Arc,remaining_difference,ranked_below_in_observed_pool; source_score=0.7106; selected_score=0.8460; calibration_pending,no_second_reference,81 games; 49.4% observed wins,163 games; 52.1% observed wins,https://www.onetricks.gg/champions/builds/Camille?role=supp,2026-10-01T19:05:28.761454+00:00
Cassiopeia,TOP,16.19,True,True,True,True,False,Rod of Ages > Archangel's Staff,Archangel's Staff > Rylai's Crystal Scepter > Void Staff,Archangel's Staff > Rylai's Crystal Scepter > Void Staff,remaining_difference,ranked_below_in_observed_pool; source_score=0.8457; selected_score=0.9598; calibration_pending,different_prefix; second-purchase comparison is not like-for-like,98 games; 50.0% observed wins,39 games; 48.7% observed wins,https://www.onetricks.gg/champions/builds/Cassiopeia?role=top,2026-10-01T19:05:29.231730+00:00
Cassiopeia,BOTTOM,16.19,False,True,False,True,False,Blackfire Torch > Rylai's Crystal Scepter,Blackfire Torch > Liandry's Torment > Bloodletter's Curse,Blackfire Torch > Liandry's Torment > Bloodletter's Curse,remaining_difference,matches_reference,ranked_below_in_external_pool; source_score=1.3132; selected_score=1.3417; calibration_pending,61 games; 49.2% observed wins,61 games; 49.2% observed wins,https://www.onetricks.gg/champions/builds/Cassiopeia?role=bot,2026-10-01T19:05:37.914448+00:00
Cassiopeia,UTILITY,16.19,True,False,True,False,False,Liandry's Torment,Rod of Ages > Knight's Vow > Malignance,Rod of Ages > Knight's Vow > Malignance,remaining_difference,ranked_below_in_external_pool; source_score=1.3545; selected_score=1.4107; calibration_pending,no_second_reference,no observations,1 games; 100.0% observed wins,https://www.onetricks.gg/champions/builds/Cassiopeia?role=supp,2026-10-01T19:05:37.956552+00:00
Chogath,TOP,16.19,True,True,True,True,False,Hextech Rocketbelt > Riftmaker,Heartsteel > Unending Despair > Hollow Radiance,Heartsteel > Unending Despair > Hollow Radiance,remaining_difference,ranked_below_in_observed_pool; source_score=1.0584; selected_score=1.1555; calibration_pending,different_prefix; second-purchase comparison is not like-for-like,140 games; 44.3% observed wins,101 games; 48.5% observed wins,https://www.onetricks.gg/champions/builds/Chogath,2026-10-01T18:22:03.964075+00:00
Corki,MIDDLE,16.19,True,True,True,True,False,Trinity Force > Manamune,Essence Reaver > The Collector > Infinity Edge,Essence Reaver > The Collector > Infinity Edge,remaining_difference,ranked_below_in_external_pool; source_score=1.4240; selected_score=1.9877; calibration_pending,different_prefix; second-purchase comparison is not like-for-like,40 games; 35.0% observed wins,26 games; 61.5% observed wins,https://www.onetricks.gg/champions/builds/Corki?role=mid,2026-10-01T19:05:45.689145+00:00
Corki,BOTTOM,16.19,False,True,False,True,False,Essence Reaver > The Collector,Essence Reaver > Hexoptics C44 > Infinity Edge,Essence Reaver > Hexoptics C44 > Infinity Edge,remaining_difference,matches_reference,ranked_below_in_observed_pool; source_score=0.8274; selected_score=0.9016; calibration_pending,179 games; 46.9% observed wins,179 games; 46.9% observed wins,https://www.onetricks.gg/champions/builds/Corki,2026-10-01T18:22:04.006150+00:00
Darius,JUNGLE,16.19,False,True,False,True,False,Youmuu's Ghostblade > Dead Man's Plate,Youmuu's Ghostblade > Titanic Hydra > Dead Man's Plate,Youmuu's Ghostblade > Titanic Hydra > Dead Man's Plate,remaining_difference,matches_reference,ranked_below_in_external_pool; source_score=1.0000; selected_score=1.0350; calibration_pending,74 games; 50.0% observed wins,74 games; 50.0% observed wins,https://www.onetricks.gg/champions/builds/Darius?role=jungle,2026-10-01T19:05:44.260315+00:00
Diana,MIDDLE,16.19,True,True,True,True,False,Stormsurge > Shadowflame,Lich Bane > Shadowflame > Rabadon's Deathcap,Lich Bane > Shadowflame > Rabadon's Deathcap,remaining_difference,ranked_below_in_observed_pool; source_score=0.7996; selected_score=0.9433; calibration_pending,different_prefix; second-purchase comparison is not like-for-like,61 games; 50.8% observed wins,34 games; 44.1% observed wins,https://www.onetricks.gg/champions/builds/Diana,2026-10-01T18:22:10.032894+00:00
DrMundo,TOP,16.19,True,True,True,True,False,Heartsteel > Spirit Visage,Warmog's Armor > Heartsteel > Titanic Hydra,Warmog's Armor > Heartsteel > Titanic Hydra,remaining_difference,ranked_below_in_observed_pool; source_score=1.6287; selected_score=1.7534; calibration_pending,different_prefix; second-purchase comparison is not like-for-like,174 games; 54.6% observed wins,252 games; 47.2% observed wins,https://www.onetricks.gg/champions/builds/DrMundo,2026-10-01T18:22:10.064982+00:00
DrMundo,MIDDLE,16.19,False,True,False,True,False,Heartsteel > Randuin's Omen,Heartsteel > Titanic Hydra > Spirit Visage,Heartsteel > Titanic Hydra > Spirit Visage,remaining_difference,matches_reference,excluded:absent_threat:crit,2 games; 50.0% observed wins,2 games; 50.0% observed wins,https://www.onetricks.gg/champions/builds/DrMundo?role=mid,2026-10-01T19:05:55.286448+00:00
Draven,JUNGLE,16.19,False,True,False,True,False,Youmuu's Ghostblade > The Collector,Youmuu's Ghostblade > Hexoptics C44 > Lord Dominik's Regards,Youmuu's Ghostblade > Hexoptics C44 > Lord Dominik's Regards,remaining_difference,matches_reference,ranked_below_in_external_pool; source_score=1.5206; selected_score=1.5643; calibration_pending,5 games; 20.0% observed wins,5 games; 20.0% observed wins,https://www.onetricks.gg/champions/builds/Draven?role=jungle,2026-10-01T19:05:55.529741+00:00
Draven,BOTTOM,16.19,True,True,False,False,False,Hubris > Hexoptics C44,Bloodthirster > Hexoptics C44 > Infinity Edge,Hubris > Hexoptics C44 > Infinity Edge,matches_first_and_core,matches_reference,matches_reference,388 games; 51.0% observed wins,388 games; 51.0% observed wins,https://www.onetricks.gg/champions/builds/Draven,2026-10-01T18:22:16.859097+00:00
Ekko,JUNGLE,16.19,True,True,False,False,False,Nashor's Tooth > Dusk and Dawn,Dusk and Dawn > Shadowflame > Rabadon's Deathcap,Nashor's Tooth > Dusk and Dawn > Rabadon's Deathcap,matches_first_and_core,matches_reference,matches_reference,212 games; 49.5% observed wins,212 games; 49.5% observed wins,https://www.onetricks.gg/champions/builds/Ekko?role=jungle,2026-10-01T19:06:01.091684+00:00
Elise,TOP,16.19,True,True,True,True,False,Lich Bane > Shadowflame,Hextech Rocketbelt > Dusk and Dawn > Nashor's Tooth,Hextech Rocketbelt > Dusk and Dawn > Nashor's Tooth,remaining_difference,ranked_below_in_external_pool; source_score=1.1114; selected_score=1.1506; calibration_pending,different_prefix; second-purchase comparison is not like-for-like,6 games; 83.3% observed wins,13 games; 76.9% observed wins,https://www.onetricks.gg/champions/builds/Elise?role=top,2026-10-01T19:06:07.142739+00:00
Elise,UTILITY,16.19,True,False,True,False,False,Stormsurge,Hextech Rocketbelt > Rod of Ages > Protoplasm Harness,Hextech Rocketbelt > Rod of Ages > Protoplasm Harness,remaining_difference,ranked_below_in_observed_pool; source_score=0.2704; selected_score=0.5850; calibration_pending,no_second_reference,111 games; 47.7% observed wins,94 games; 57.4% observed wins,https://www.onetricks.gg/champions/builds/Elise?role=supp,2026-10-01T19:06:06.202527+00:00
Fiddlesticks,JUNGLE,16.19,True,True,True,True,False,Hextech Rocketbelt > Shadowflame,Malignance > Cryptbloom > Blackfire Torch,Malignance > Cryptbloom > Blackfire Torch,remaining_difference,ranked_below_in_observed_pool; source_score=0.9051; selected_score=1.3876; calibration_pending,different_prefix; second-purchase comparison is not like-for-like,148 games; 52.7% observed wins,113 games; 46.9% observed wins,https://www.onetricks.gg/champions/builds/Fiddlesticks,2026-10-01T18:22:25.641024+00:00
Fiddlesticks,UTILITY,16.19,True,False,True,False,False,Dead Man's Plate,Malignance > Cryptbloom > Blackfire Torch,Malignance > Cryptbloom > Blackfire Torch,remaining_difference,ranked_below_in_external_pool; source_score=0.8510; selected_score=1.8366; calibration_pending,no_second_reference,8 games; 12.5% observed wins,8 games; 75.0% observed wins,https://www.onetricks.gg/champions/builds/Fiddlesticks?role=supp,2026-10-01T19:06:18.748725+00:00
Fizz,TOP,16.19,False,True,False,True,False,Lich Bane > Zhonya's Hourglass,Lich Bane > Shadowflame > Rabadon's Deathcap,Lich Bane > Shadowflame > Rabadon's Deathcap,remaining_difference,matches_reference,excluded:absent_threat:burst,28 games; 42.9% observed wins,28 games; 42.9% observed wins,https://www.onetricks.gg/champions/builds/Fizz?role=top,2026-10-01T19:06:23.603666+00:00
Fizz,MIDDLE,16.19,True,True,False,True,False,Lich Bane > Zhonya's Hourglass,Blackfire Torch > Mejai's Soulstealer > Malignance,Lich Bane > Shadowflame > Rabadon's Deathcap,remaining_difference,matches_reference,excluded:absent_threat:burst,272 games; 55.5% observed wins,272 games; 55.5% observed wins,https://www.onetricks.gg/champions/builds/Fizz,2026-10-01T18:22:31.807782+00:00
Fizz,BOTTOM,16.19,False,True,False,True,False,Lich Bane > Zhonya's Hourglass,Lich Bane > Shadowflame > Rabadon's Deathcap,Lich Bane > Shadowflame > Rabadon's Deathcap,remaining_difference,matches_reference,excluded:absent_threat:burst,9 games; 22.2% observed wins,9 games; 22.2% observed wins,https://www.onetricks.gg/champions/builds/Fizz?role=bot,2026-10-01T19:06:23.168515+00:00
Gangplank,BOTTOM,16.19,False,True,False,True,False,Essence Reaver > Mortal Reminder,Essence Reaver > Malignance > Blackfire Torch,Essence Reaver > Malignance > Blackfire Torch,remaining_difference,matches_reference,excluded:no_urgent_lane_healing,1 games; 0.0% observed wins,1 games; 0.0% observed wins,https://www.onetricks.gg/champions/builds/Gangplank?role=bot,2026-10-01T19:06:33.114746+00:00
Gragas,TOP,16.19,True,True,True,True,False,Lich Bane > Shadowflame,Hextech Rocketbelt > Lich Bane > Luden's Echo,Hextech Rocketbelt > Lich Bane > Luden's Echo,remaining_difference,ranked_below_in_observed_pool; source_score=0.6410; selected_score=0.9492; calibration_pending,different_prefix; second-purchase comparison is not like-for-like,109 games; 52.3% observed wins,95 games; 49.5% observed wins,https://www.onetricks.gg/champions/builds/Gragas,2026-10-01T18:22:45.675679+00:00
Gragas,MIDDLE,16.19,True,True,True,True,False,Lich Bane > Shadowflame,Luden's Echo > Shadowflame > Rabadon's Deathcap,Luden's Echo > Shadowflame > Rabadon's Deathcap,remaining_difference,ranked_below_in_observed_pool; source_score=0.6089; selected_score=0.7464; calibration_pending,different_prefix; second-purchase comparison is not like-for-like,48 games; 47.9% observed wins,43 games; 67.4% observed wins,https://www.onetricks.gg/champions/builds/Gragas?role=mid,2026-10-01T19:06:38.221440+00:00
Gragas,UTILITY,16.19,True,False,True,False,False,Locket of the Iron Solari,Imperial Mandate > Hextech Rocketbelt > Winter's Approach,Imperial Mandate > Hextech Rocketbelt > Winter's Approach,remaining_difference,ranked_below_in_external_pool; source_score=1.4891; selected_score=1.5790; calibration_pending,no_second_reference,10 games; 50.0% observed wins,6 games; 16.7% observed wins,https://www.onetricks.gg/champions/builds/Gragas?role=supp,2026-10-01T19:06:45.556588+00:00
Graves,TOP,16.19,False,True,False,True,False,Essence Reaver > Mortal Reminder,Essence Reaver > Infinity Edge > Hexoptics C44,Essence Reaver > Infinity Edge > Hexoptics C44,remaining_difference,matches_reference,excluded:no_urgent_lane_healing,1 games; 0.0% observed wins,1 games; 0.0% observed wins,https://www.onetricks.gg/champions/builds/Graves?role=top,2026-10-01T19:06:45.782402+00:00
Gwen,MIDDLE,16.19,False,True,False,True,False,Dusk and Dawn > Shadowflame,Dusk and Dawn > Malignance > Rabadon's Deathcap,Dusk and Dawn > Malignance > Rabadon's Deathcap,remaining_difference,matches_reference,ranked_below_in_external_pool; source_score=1.4238; selected_score=1.6241; calibration_pending,29 games; 58.6% observed wins,29 games; 58.6% observed wins,https://www.onetricks.gg/champions/builds/Gwen?role=mid,2026-10-01T19:06:51.138225+00:00
Hecarim,JUNGLE,16.19,True,True,True,True,False,Spear of Shojin > Death's Dance,Black Cleaver > Death's Dance > Endless Hunger,Black Cleaver > Death's Dance > Endless Hunger,remaining_difference,ranked_below_in_observed_pool; source_score=0.6283; selected_score=0.7201; calibration_pending,different_prefix; second-purchase comparison is not like-for-like,482 games; 48.1% observed wins,152 games; 56.6% observed wins,https://www.onetricks.gg/champions/builds/Hecarim,2026-10-01T18:22:51.700649+00:00
Heimerdinger,MIDDLE,16.19,False,True,False,True,False,Blackfire Torch > Liandry's Torment,Blackfire Torch > Rabadon's Deathcap > Shadowflame,Blackfire Torch > Rabadon's Deathcap > Shadowflame,remaining_difference,matches_reference,ranked_below_in_external_pool; source_score=1.1793; selected_score=1.4145; calibration_pending,7 games; 57.1% observed wins,7 games; 57.1% observed wins,https://www.onetricks.gg/champions/builds/Heimerdinger?role=mid,2026-10-01T19:06:56.717134+00:00
Illaoi,TOP,16.19,False,True,False,True,False,Black Cleaver > Sterak's Gage,Black Cleaver > Iceborn Gauntlet > Sterak's Gage,Black Cleaver > Iceborn Gauntlet > Sterak's Gage,remaining_difference,matches_reference,ranked_below_in_external_pool; source_score=0.9833; selected_score=1.0077; calibration_pending,71 games; 52.1% observed wins,71 games; 52.1% observed wins,https://www.onetricks.gg/champions/builds/Illaoi,2026-10-01T18:22:57.333374+00:00
Janna,TOP,16.19,True,True,False,False,False,Whispering Circlet > Moonstone Renewer,Lich Bane > Redemption > Dawncore,Whispering Circlet > Moonstone Renewer > Dusk and Dawn,matches_first_and_core,matches_reference,matches_reference,no observations,no observations,https://www.onetricks.gg/champions/builds/Janna?role=top,2026-10-01T19:07:14.709850+00:00
Jayce,JUNGLE,16.19,True,True,True,True,False,Youmuu's Ghostblade > Voltaic Cyclosword,Bastionbreaker > Voltaic Cyclosword > Serylda's Grudge,Bastionbreaker > Voltaic Cyclosword > Serylda's Grudge,remaining_difference,ranked_below_in_observed_pool; source_score=0.7906; selected_score=0.8066; calibration_pending,different_prefix; second-purchase comparison is not like-for-like,97 games; 57.7% observed wins,61 games; 52.5% observed wins,https://www.onetricks.gg/champions/builds/Jayce?role=jungle,2026-10-01T19:07:27.235471+00:00
Jayce,MIDDLE,16.19,False,True,False,True,False,Youmuu's Ghostblade > Manamune,Youmuu's Ghostblade > Voltaic Cyclosword > Lord Dominik's Regards,Youmuu's Ghostblade > Voltaic Cyclosword > Lord Dominik's Regards,remaining_difference,matches_reference,ranked_below_in_observed_pool; source_score=0.6773; selected_score=0.7201; calibration_pending,193 games; 47.7% observed wins,193 games; 47.7% observed wins,https://www.onetricks.gg/champions/builds/Jayce?role=mid,2026-10-01T19:07:27.191606+00:00
Jhin,UTILITY,16.19,True,False,True,False,False,Serpent's Fang,Axiom Arc > Essence Reaver > Infinity Edge,Axiom Arc > Essence Reaver > Infinity Edge,remaining_difference,excluded:absent_threat:shields,no_second_reference,2 games; 100.0% observed wins,2 games; 50.0% observed wins,https://www.onetricks.gg/champions/builds/Jhin?role=supp,2026-10-01T19:07:32.956154+00:00
Jinx,BOTTOM,16.19,False,True,False,False,False,Hexoptics C44 > Runaan's Hurricane,Hexoptics C44 > Phantom Dancer > Infinity Edge,Hexoptics C44 > Runaan's Hurricane > Infinity Edge,matches_first_and_core,matches_reference,matches_reference,640 games; 50.5% observed wins,640 games; 50.5% observed wins,https://www.onetricks.gg/champions/builds/Jinx,2026-10-01T18:23:11.069360+00:00
KSante,TOP,16.19,False,True,False,True,False,"Iceborn Gauntlet > Jak'Sho, The Protean",Iceborn Gauntlet > Unending Despair > Spirit Visage,Iceborn Gauntlet > Unending Despair > Spirit Visage,remaining_difference,matches_reference,ranked_below_in_observed_pool; source_score=0.6199; selected_score=0.8017; calibration_pending,567 games; 47.1% observed wins,567 games; 47.1% observed wins,https://www.onetricks.gg/champions/builds/KSante,2026-10-01T18:23:17.445814+00:00
KSante,MIDDLE,16.19,True,True,True,True,False,Kaenic Rookern > Iceborn Gauntlet,"Iceborn Gauntlet > Jak'Sho, The Protean > Force of Nature","Iceborn Gauntlet > Jak'Sho, The Protean > Force of Nature",remaining_difference,excluded:absent_threat:burst,different_prefix; second-purchase comparison is not like-for-like,8 games; 50.0% observed wins,5 games; 80.0% observed wins,https://www.onetricks.gg/champions/builds/KSante?role=mid,2026-10-01T19:07:40.241784+00:00
Karma,MIDDLE,16.19,False,True,False,True,False,Malignance > Shadowflame,Malignance > Moonstone Renewer > Dawncore,Malignance > Moonstone Renewer > Dawncore,remaining_difference,matches_reference,ranked_below_in_external_pool; source_score=1.2421; selected_score=1.2725; calibration_pending,30 games; 36.7% observed wins,30 games; 36.7% observed wins,https://www.onetricks.gg/champions/builds/Karma?role=mid,2026-10-01T19:07:57.514619+00:00
Karthus,TOP,16.19,False,True,False,True,False,Blackfire Torch > Liandry's Torment,Blackfire Torch > Shadowflame > Stormsurge,Blackfire Torch > Shadowflame > Stormsurge,remaining_difference,matches_reference,ranked_below_in_external_pool; source_score=1.4044; selected_score=1.4077; calibration_pending,26 games; 42.3% observed wins,26 games; 42.3% observed wins,https://www.onetricks.gg/champions/builds/Karthus?role=top,2026-10-01T19:07:57.274553+00:00
Kassadin,MIDDLE,16.19,True,True,False,False,False,Rod of Ages > Archangel's Staff,Malignance > Archangel's Staff > Shadowflame,Rod of Ages > Archangel's Staff > Malignance,matches_first_and_core,matches_reference,matches_reference,179 games; 44.1% observed wins,179 games; 44.1% observed wins,https://www.onetricks.gg/champions/builds/Kassadin,2026-10-01T18:23:24.008839+00:00
Katarina,TOP,16.19,True,True,True,True,False,Kraken Slayer > Terminus,Lich Bane > Shadowflame > Void Staff,Lich Bane > Shadowflame > Void Staff,remaining_difference,ranked_below_in_external_pool; source_score=1.4122; selected_score=1.5098; calibration_pending,different_prefix; second-purchase comparison is not like-for-like,15 games; 33.3% observed wins,6 games; 50.0% observed wins,https://www.onetricks.gg/champions/builds/Katarina?role=top,2026-10-01T19:08:03.432226+00:00
Katarina,JUNGLE,16.19,False,True,False,True,False,Kraken Slayer > Blade of The Ruined King,Kraken Slayer > Dusk and Dawn > Terminus,Kraken Slayer > Dusk and Dawn > Terminus,remaining_difference,matches_reference,ranked_below_in_external_pool; source_score=1.2669; selected_score=1.5293; calibration_pending,2 games; 50.0% observed wins,2 games; 50.0% observed wins,https://www.onetricks.gg/champions/builds/Katarina?role=jungle,2026-10-01T19:08:03.574883+00:00
Kennen,TOP,16.19,True,True,False,False,False,Hextech Rocketbelt > Shadowflame,Hextech Gunblade > Shadowflame > Stormsurge,Hextech Rocketbelt > Shadowflame > Void Staff,matches_first_and_core,matches_reference,matches_reference,205 games; 53.2% observed wins,205 games; 53.2% observed wins,https://www.onetricks.gg/champions/builds/Kennen,2026-10-01T18:23:41.800776+00:00
Khazix,JUNGLE,16.19,False,True,False,False,False,Umbral Glaive > Voltaic Cyclosword,Umbral Glaive > Bastionbreaker > Voltaic Cyclosword,Umbral Glaive > Voltaic Cyclosword > Bastionbreaker,matches_first_and_core,matches_reference,matches_reference,972 games; 49.8% observed wins,972 games; 49.8% observed wins,https://www.onetricks.gg/champions/builds/Khazix,2026-10-01T18:23:40.902095+00:00
Kindred,JUNGLE,16.19,True,True,True,True,False,Trinity Force > The Collector,Kraken Slayer > The Collector > Lord Dominik's Regards,Kraken Slayer > The Collector > Lord Dominik's Regards,remaining_difference,ranked_below_in_observed_pool; source_score=0.6675; selected_score=0.7461; calibration_pending,different_prefix; second-purchase comparison is not like-for-like,107 games; 51.4% observed wins,111 games; 54.1% observed wins,https://www.onetricks.gg/champions/builds/Kindred,2026-10-01T18:23:40.874494+00:00
Kled,TOP,16.19,False,True,False,True,False,Titanic Hydra > Hullbreaker,Titanic Hydra > Black Cleaver > Hullbreaker,Titanic Hydra > Black Cleaver > Hullbreaker,remaining_difference,matches_reference,ranked_below_in_observed_pool; source_score=0.6683; selected_score=0.7737; calibration_pending,213 games; 53.5% observed wins,213 games; 53.5% observed wins,https://www.onetricks.gg/champions/builds/Kled,2026-10-01T18:23:46.566501+00:00
Kled,BOTTOM,16.19,False,True,False,True,False,Titanic Hydra > Sterak's Gage,Titanic Hydra > Black Cleaver > Essence Reaver,Titanic Hydra > Black Cleaver > Essence Reaver,remaining_difference,matches_reference,ranked_below_in_external_pool; source_score=0.9833; selected_score=1.2621; calibration_pending,2 games; 50.0% observed wins,2 games; 50.0% observed wins,https://www.onetricks.gg/champions/builds/Kled?role=bot,2026-10-01T19:08:34.288831+00:00
KogMaw,BOTTOM,16.19,False,True,False,True,False,Guinsoo's Rageblade > Runaan's Hurricane,Guinsoo's Rageblade > Navori Flickerblade > Terminus,Guinsoo's Rageblade > Navori Flickerblade > Terminus,remaining_difference,matches_reference,excluded:outside_observed_pool,147 games; 44.2% observed wins,147 games; 44.2% observed wins,https://www.onetricks.gg/champions/builds/KogMaw,2026-10-01T18:23:46.579651+00:00
Leblanc,BOTTOM,16.19,True,True,True,True,False,Hextech Gunblade > Shadowflame,Luden's Echo > Cryptbloom > Cosmic Drive,Luden's Echo > Cryptbloom > Cosmic Drive,remaining_difference,ranked_below_in_external_pool; source_score=1.4570; selected_score=1.6388; calibration_pending,different_prefix; second-purchase comparison is not like-for-like,2 games; 100.0% observed wins,2 games; 50.0% observed wins,https://www.onetricks.gg/champions/builds/Leblanc?role=bot,2026-10-01T19:08:39.900202+00:00
Leblanc,UTILITY,16.19,True,False,True,False,False,Stormsurge,Luden's Echo > Stormsurge > Malignance,Luden's Echo > Stormsurge > Malignance,remaining_difference,ranked_below_in_observed_pool; source_score=0.8138; selected_score=0.9343; calibration_pending,no_second_reference,75 games; 53.3% observed wins,38 games; 44.7% observed wins,https://www.onetricks.gg/champions/builds/Leblanc?role=supp,2026-10-01T19:08:39.429886+00:00
Lissandra,MIDDLE,16.19,True,True,True,True,False,Blackfire Torch > Hextech Rocketbelt,Malignance > Shadowflame > Rabadon's Deathcap,Malignance > Shadowflame > Rabadon's Deathcap,remaining_difference,ranked_below_in_observed_pool; source_score=1.0830; selected_score=1.3346; calibration_pending,different_prefix; second-purchase comparison is not like-for-like,258 games; 51.6% observed wins,193 games; 54.4% observed wins,https://www.onetricks.gg/champions/builds/Lissandra,2026-10-01T18:24:00.507224+00:00
Lissandra,BOTTOM,16.19,True,True,True,True,False,Blackfire Torch > Banshee's Veil,Malignance > Hextech Rocketbelt > Liandry's Torment,Malignance > Hextech Rocketbelt > Liandry's Torment,remaining_difference,ranked_below_in_external_pool; source_score=1.7161; selected_score=1.8975; calibration_pending,different_prefix; second-purchase comparison is not like-for-like,4 games; 50.0% observed wins,1 games; 0.0% observed wins,https://www.onetricks.gg/champions/builds/Lissandra?role=bot,2026-10-01T19:15:46.224518+00:00
Lucian,BOTTOM,16.19,False,True,False,False,False,Essence Reaver > Navori Flickerblade,Essence Reaver > Infinity Edge > Navori Flickerblade,Essence Reaver > Navori Flickerblade > Infinity Edge,matches_first_and_core,matches_reference,matches_reference,559 games; 49.4% observed wins,559 games; 49.4% observed wins,https://www.onetricks.gg/champions/builds/Lucian,2026-10-01T18:24:00.546113+00:00
Lulu,TOP,16.19,True,True,True,True,False,Liandry's Torment > Rod of Ages,Rod of Ages > Hextech Rocketbelt > Mejai's Soulstealer,Rod of Ages > Hextech Rocketbelt > Mejai's Soulstealer,remaining_difference,ranked_below_in_external_pool; source_score=1.0533; selected_score=1.2973; calibration_pending,different_prefix; second-purchase comparison is not like-for-like,no observations,4 games; 100.0% observed wins,https://www.onetricks.gg/champions/builds/Lulu?role=top,2026-10-01T19:15:51.636529+00:00
Lulu,MIDDLE,16.19,False,True,False,True,False,Rod of Ages > Imperial Mandate,Rod of Ages > Shurelya's Battlesong > Ardent Censer,Rod of Ages > Shurelya's Battlesong > Ardent Censer,remaining_difference,matches_reference,ranked_below_in_external_pool; source_score=1.0515; selected_score=1.2480; calibration_pending,1 games; 0.0% observed wins,1 games; 0.0% observed wins,https://www.onetricks.gg/champions/builds/Lulu?role=mid,2026-10-01T19:15:58.416798+00:00
Lux,MIDDLE,16.19,True,True,True,True,False,Luden's Echo > Stormsurge,Malignance > Stormsurge > Void Staff,Malignance > Stormsurge > Void Staff,remaining_difference,ranked_below_in_observed_pool; source_score=1.0406; selected_score=1.2851; calibration_pending,different_prefix; second-purchase comparison is not like-for-like,81 games; 61.7% observed wins,90 games; 60.0% observed wins,https://www.onetricks.gg/champions/builds/Lux,2026-10-01T18:24:06.828373+00:00
Lux,BOTTOM,16.19,False,True,False,True,False,Malignance > Shadowflame,Malignance > Horizon Focus > Cryptbloom,Malignance > Horizon Focus > Cryptbloom,remaining_difference,matches_reference,ranked_below_in_external_pool; source_score=1.5281; selected_score=1.6269; calibration_pending,105 games; 61.0% observed wins,105 games; 61.0% observed wins,https://www.onetricks.gg/champions/builds/Lux?role=bot,2026-10-01T19:15:58.307514+00:00
Malphite,TOP,16.19,True,True,True,True,False,Sunfire Aegis > Thornmail,Malignance > Stormsurge > Shadowflame,Malignance > Stormsurge > Shadowflame,remaining_difference,ranked_below_in_observed_pool; source_score=0.7030; selected_score=0.7430; calibration_pending,different_prefix; second-purchase comparison is not like-for-like,177 games; 54.8% observed wins,108 games; 49.1% observed wins,https://www.onetricks.gg/champions/builds/Malphite,2026-10-01T18:24:07.091654+00:00
Malphite,MIDDLE,16.19,False,True,False,False,False,Sunfire Aegis > Thornmail,Sunfire Aegis > Winter's Approach > Warmog's Armor,Sunfire Aegis > Thornmail > Frozen Heart,matches_first_and_core,matches_reference,matches_reference,15 games; 40.0% observed wins,15 games; 40.0% observed wins,https://www.onetricks.gg/champions/builds/Malphite?role=mid,2026-10-01T19:16:03.790246+00:00
Malzahar,MIDDLE,16.19,False,True,False,True,False,Blackfire Torch > Rylai's Crystal Scepter,Blackfire Torch > Liandry's Torment > Rylai's Crystal Scepter,Blackfire Torch > Liandry's Torment > Rylai's Crystal Scepter,remaining_difference,matches_reference,ranked_below_in_external_pool; source_score=1.3132; selected_score=1.3608; calibration_pending,103 games; 46.6% observed wins,103 games; 46.6% observed wins,https://www.onetricks.gg/champions/builds/Malzahar,2026-10-01T18:24:13.204010+00:00
Maokai,TOP,16.19,True,True,True,True,False,Hollow Radiance > Winter's Approach,Heartsteel > Sunfire Aegis > Unending Despair,Heartsteel > Sunfire Aegis > Unending Despair,remaining_difference,ranked_below_in_external_pool; source_score=1.4263; selected_score=1.4292; calibration_pending,different_prefix; second-purchase comparison is not like-for-like,5 games; 40.0% observed wins,no observations,https://www.onetricks.gg/champions/builds/Maokai?role=top,2026-10-01T19:16:09.440859+00:00
Maokai,UTILITY,16.19,True,False,True,False,False,Locket of the Iron Solari,Bandlepipes > Locket of the Iron Solari > Winter's Approach,Bandlepipes > Locket of the Iron Solari > Winter's Approach,remaining_difference,ranked_below_in_observed_pool; source_score=0.8078; selected_score=0.8659; calibration_pending,no_second_reference,61 games; 52.5% observed wins,71 games; 54.9% observed wins,https://www.onetricks.gg/champions/builds/Maokai,2026-10-01T18:28:48.841522+00:00
MasterYi,TOP,16.19,True,True,True,True,False,Titanic Hydra > Blade of The Ruined King,Kraken Slayer > Blade of The Ruined King > Guinsoo's Rageblade,Kraken Slayer > Blade of The Ruined King > Guinsoo's Rageblade,remaining_difference,ranked_below_in_external_pool; source_score=1.1921; selected_score=1.4752; calibration_pending,different_prefix; second-purchase comparison is not like-for-like,6 games; 33.3% observed wins,12 games; 66.7% observed wins,https://www.onetricks.gg/champions/builds/MasterYi?role=top,2026-10-01T19:16:15.319547+00:00
Mel,TOP,16.19,False,True,False,True,False,Blackfire Torch > Zhonya's Hourglass,Blackfire Torch > Cosmic Drive > Liandry's Torment,Blackfire Torch > Cosmic Drive > Liandry's Torment,remaining_difference,matches_reference,excluded:absent_threat:burst,1 games; 100.0% observed wins,1 games; 100.0% observed wins,https://www.onetricks.gg/champions/builds/Mel?role=top,2026-10-01T19:16:15.688162+00:00
MissFortune,BOTTOM,16.19,True,True,True,True,False,Hubris > The Collector,Bloodthirster > The Collector > Infinity Edge,Bloodthirster > The Collector > Infinity Edge,remaining_difference,ranked_below_in_observed_pool; source_score=0.6689; selected_score=0.7208; calibration_pending,different_prefix; second-purchase comparison is not like-for-like,125 games; 48.0% observed wins,131 games; 46.6% observed wins,https://www.onetricks.gg/champions/builds/MissFortune,2026-10-01T18:24:19.145393+00:00
Mordekaiser,JUNGLE,16.19,True,True,True,True,False,Rylai's Crystal Scepter > Hextech Rocketbelt,Dusk and Dawn > Riftmaker > Dead Man's Plate,Dusk and Dawn > Riftmaker > Dead Man's Plate,remaining_difference,ranked_below_in_external_pool; source_score=1.4034; selected_score=1.5632; calibration_pending,different_prefix; second-purchase comparison is not like-for-like,2 games; 50.0% observed wins,3 games; 66.7% observed wins,https://www.onetricks.gg/champions/builds/Mordekaiser?role=jungle,2026-10-01T19:09:08.798515+00:00
Morgana,JUNGLE,16.19,True,True,True,True,False,Liandry's Torment > Imperial Mandate,Blackfire Torch > Shadowflame > Stormsurge,Blackfire Torch > Shadowflame > Stormsurge,remaining_difference,ranked_below_in_external_pool; source_score=1.0533; selected_score=1.4680; calibration_pending,different_prefix; second-purchase comparison is not like-for-like,15 games; 40.0% observed wins,18 games; 61.1% observed wins,https://www.onetricks.gg/champions/builds/Morgana?role=jungle,2026-10-01T19:09:15.511695+00:00
Morgana,BOTTOM,16.19,False,True,False,True,False,Blackfire Torch > Zhonya's Hourglass,Blackfire Torch > Liandry's Torment > Rabadon's Deathcap,Blackfire Torch > Liandry's Torment > Rabadon's Deathcap,remaining_difference,matches_reference,excluded:absent_threat:burst,4 games; 50.0% observed wins,4 games; 50.0% observed wins,https://www.onetricks.gg/champions/builds/Morgana?role=bot,2026-10-01T19:09:15.194024+00:00
Nasus,TOP,16.19,False,True,False,True,False,Trinity Force > Frozen Heart,"Trinity Force > Protoplasm Harness > Jak'Sho, The Protean","Trinity Force > Protoplasm Harness > Jak'Sho, The Protean",remaining_difference,matches_reference,ranked_below_in_external_pool; source_score=1.0451; selected_score=1.2021; calibration_pending,212 games; 49.1% observed wins,212 games; 49.1% observed wins,https://www.onetricks.gg/champions/builds/Nasus,2026-10-01T18:24:32.848537+00:00
Nasus,JUNGLE,16.19,True,True,True,True,False,Iceborn Gauntlet > Spirit Visage,Trinity Force > Spirit Visage > Protoplasm Harness,Trinity Force > Spirit Visage > Protoplasm Harness,remaining_difference,ranked_below_in_external_pool; source_score=1.1923; selected_score=1.2178; calibration_pending,different_prefix; second-purchase comparison is not like-for-like,4 games; 75.0% observed wins,1 games; 100.0% observed wins,https://www.onetricks.gg/champions/builds/Nasus?role=jungle,2026-10-01T19:09:27.757267+00:00
Nasus,MIDDLE,16.19,False,True,False,True,False,Trinity Force > Frozen Heart,Trinity Force > Bandlepipes > Dead Man's Plate,Trinity Force > Bandlepipes > Dead Man's Plate,remaining_difference,matches_reference,ranked_below_in_external_pool; source_score=1.0451; selected_score=1.1193; calibration_pending,172 games; 50.6% observed wins,172 games; 50.6% observed wins,https://www.onetricks.gg/champions/builds/Nasus?role=mid,2026-10-01T19:09:27.448403+00:00
Neeko,TOP,16.19,False,True,False,True,False,Hextech Rocketbelt > Zhonya's Hourglass,Hextech Rocketbelt > Cryptbloom > Malignance,Hextech Rocketbelt > Cryptbloom > Malignance,remaining_difference,matches_reference,excluded:absent_threat:burst,13 games; 76.9% observed wins,13 games; 76.9% observed wins,https://www.onetricks.gg/champions/builds/Neeko?role=top,2026-10-01T19:09:33.951365+00:00
Neeko,BOTTOM,16.19,False,True,False,True,False,Hextech Rocketbelt > Imperial Mandate,Hextech Rocketbelt > Shadowflame > Void Staff,Hextech Rocketbelt > Shadowflame > Void Staff,remaining_difference,matches_reference,ranked_below_in_external_pool; source_score=1.1624; selected_score=1.4714; calibration_pending,8 games; 50.0% observed wins,8 games; 50.0% observed wins,https://www.onetricks.gg/champions/builds/Neeko?role=bot,2026-10-01T19:09:40.411782+00:00
Nilah,TOP,16.19,True,True,True,True,False,Experimental Hexplate > Yun Tal Wildarrows,Immortal Shieldbow > Lord Dominik's Regards > Infinity Edge,Immortal Shieldbow > Lord Dominik's Regards > Infinity Edge,remaining_difference,ranked_below_in_external_pool; source_score=1.2963; selected_score=1.4278; calibration_pending,different_prefix; second-purchase comparison is not like-for-like,no observations,no observations,https://www.onetricks.gg/champions/builds/Nilah?role=top,2026-10-01T19:09:40.403552+00:00
Nocturne,JUNGLE,16.19,True,True,True,True,False,Profane Hydra > Axiom Arc,Experimental Hexplate > Stridebreaker > Black Cleaver,Experimental Hexplate > Stridebreaker > Black Cleaver,remaining_difference,ranked_below_in_observed_pool; source_score=0.5662; selected_score=0.6243; calibration_pending,different_prefix; second-purchase comparison is not like-for-like,31 games; 41.9% observed wins,113 games; 41.6% observed wins,https://www.onetricks.gg/champions/builds/Nocturne,2026-10-01T18:24:45.246426+00:00
Nocturne,MIDDLE,16.19,True,True,True,True,False,Stridebreaker > Axiom Arc,Axiom Arc > Voltaic Cyclosword > Serylda's Grudge,Axiom Arc > Voltaic Cyclosword > Serylda's Grudge,remaining_difference,ranked_below_in_external_pool; source_score=1.2110; selected_score=1.4127; calibration_pending,different_prefix; second-purchase comparison is not like-for-like,2 games; 50.0% observed wins,3 games; 66.7% observed wins,https://www.onetricks.gg/champions/builds/Nocturne?role=mid,2026-10-01T19:09:45.793196+00:00
Nunu,TOP,16.19,True,True,True,True,False,Stormsurge > Hextech Rocketbelt,Hextech Rocketbelt > Warmog's Armor > Winter's Approach,Hextech Rocketbelt > Warmog's Armor > Winter's Approach,remaining_difference,ranked_below_in_external_pool; source_score=0.9691; selected_score=1.2673; calibration_pending,different_prefix; second-purchase comparison is not like-for-like,2 games; 50.0% observed wins,no observations,https://www.onetricks.gg/champions/builds/Nunu?role=top,2026-10-01T19:09:51.812871+00:00
Nunu,JUNGLE,16.19,True,True,False,True,False,Liandry's Torment > Dead Man's Plate,Hextech Rocketbelt > Mejai's Soulstealer > Bandlepipes,Liandry's Torment > Winter's Approach > Spirit Visage,remaining_difference,matches_reference,ranked_below_in_external_pool; source_score=1.3165; selected_score=1.7570; calibration_pending,150 games; 56.7% observed wins,150 games; 56.7% observed wins,https://www.onetricks.gg/champions/builds/Nunu,2026-10-01T18:24:45.097731+00:00
Olaf,TOP,16.19,True,True,True,True,False,Ravenous Hydra > Death's Dance,Stridebreaker > Experimental Hexplate > Death's Dance,Stridebreaker > Experimental Hexplate > Death's Dance,remaining_difference,ranked_below_in_observed_pool; source_score=0.5182; selected_score=0.6386; calibration_pending,different_prefix; second-purchase comparison is not like-for-like,144 games; 52.8% observed wins,317 games; 54.3% observed wins,https://www.onetricks.gg/champions/builds/Olaf,2026-10-01T18:24:51.594957+00:00
Ornn,TOP,16.19,False,True,False,True,False,Unending Despair > Kaenic Rookern,Unending Despair > Sunfire Aegis > Warmog's Armor,Unending Despair > Sunfire Aegis > Warmog's Armor,remaining_difference,matches_reference,excluded:absent_threat:burst,128 games; 48.4% observed wins,128 games; 48.4% observed wins,https://www.onetricks.gg/champions/builds/Ornn,2026-10-01T18:24:51.395992+00:00
Ornn,MIDDLE,16.19,True,True,True,True,False,Kaenic Rookern > Randuin's Omen,Hollow Radiance > Dead Man's Plate > Warmog's Armor,Hollow Radiance > Dead Man's Plate > Warmog's Armor,remaining_difference,excluded:absent_threat:burst,different_prefix; second-purchase comparison is not like-for-like,5 games; 40.0% observed wins,2 games; 0.0% observed wins,https://www.onetricks.gg/champions/builds/Ornn?role=mid,2026-10-01T19:10:05.858286+00:00
Pantheon,TOP,16.19,True,True,True,True,False,Bastionbreaker > Voltaic Cyclosword,Black Cleaver > Spear of Shojin > Death's Dance,Black Cleaver > Spear of Shojin > Death's Dance,remaining_difference,ranked_below_in_observed_pool; source_score=0.8874; selected_score=0.9706; calibration_pending,different_prefix; second-purchase comparison is not like-for-like,103 games; 52.4% observed wins,44 games; 45.5% observed wins,https://www.onetricks.gg/champions/builds/Pantheon,2026-10-01T18:24:57.479656+00:00
Pantheon,UTILITY,16.19,True,False,True,False,False,Black Cleaver,Sundered Sky > Voltaic Cyclosword > Malignance,Sundered Sky > Voltaic Cyclosword > Malignance,remaining_difference,ranked_below_in_observed_pool; source_score=0.8869; selected_score=0.9582; calibration_pending,no_second_reference,39 games; 46.2% observed wins,111 games; 48.6% observed wins,https://www.onetricks.gg/champions/builds/Pantheon?role=supp,2026-10-01T19:10:11.904648+00:00
Poppy,TOP,16.19,True,True,True,True,False,Sundered Sky > Winter's Approach,Sunfire Aegis > Winter's Approach > Spirit Visage,Sunfire Aegis > Winter's Approach > Spirit Visage,remaining_difference,excluded:outside_observed_pool,different_prefix; second-purchase comparison is not like-for-like,27 games; 33.3% observed wins,41 games; 53.7% observed wins,https://www.onetricks.gg/champions/builds/Poppy,2026-10-01T18:24:57.398148+00:00
Poppy,MIDDLE,16.19,False,True,False,True,False,"Hollow Radiance > Jak'Sho, The Protean",Hollow Radiance > Winter's Approach > Protoplasm Harness,Hollow Radiance > Winter's Approach > Protoplasm Harness,remaining_difference,matches_reference,ranked_below_in_external_pool; source_score=1.0917; selected_score=1.7138; calibration_pending,no observations,no observations,https://www.onetricks.gg/champions/builds/Poppy?role=mid,2026-10-01T19:10:12.159583+00:00
Qiyana,JUNGLE,16.19,True,True,True,True,False,Voltaic Cyclosword > Bastionbreaker,Umbral Glaive > Bastionbreaker > Voltaic Cyclosword,Umbral Glaive > Bastionbreaker > Voltaic Cyclosword,remaining_difference,ranked_below_in_observed_pool; source_score=1.0105; selected_score=1.1404; calibration_pending,different_prefix; second-purchase comparison is not like-for-like,609 games; 54.0% observed wins,187 games; 56.1% observed wins,https://www.onetricks.gg/champions/builds/Qiyana,2026-10-01T18:25:05.243596+00:00
Quinn,TOP,16.19,False,True,False,True,False,Profane Hydra > Edge of Night,Profane Hydra > The Collector > Lord Dominik's Regards,Profane Hydra > The Collector > Lord Dominik's Regards,remaining_difference,matches_reference,excluded:absent_threat:cc,47 games; 63.8% observed wins,47 games; 63.8% observed wins,https://www.onetricks.gg/champions/builds/Quinn,2026-10-01T18:25:04.936078+00:00
Quinn,MIDDLE,16.19,False,True,False,True,False,Profane Hydra > Edge of Night,Profane Hydra > Stormrazor > Lord Dominik's Regards,Profane Hydra > Stormrazor > Lord Dominik's Regards,remaining_difference,matches_reference,excluded:absent_threat:cc,29 games; 41.4% observed wins,29 games; 41.4% observed wins,https://www.onetricks.gg/champions/builds/Quinn?role=mid,2026-10-01T19:10:24.205654+00:00
Quinn,BOTTOM,16.19,False,True,False,True,False,Profane Hydra > Mortal Reminder,Profane Hydra > Essence Reaver > Infinity Edge,Profane Hydra > Essence Reaver > Infinity Edge,remaining_difference,matches_reference,excluded:no_urgent_lane_healing,11 games; 54.5% observed wins,11 games; 54.5% observed wins,https://www.onetricks.gg/champions/builds/Quinn?role=bot,2026-10-01T19:10:24.978213+00:00
Quinn,UTILITY,16.19,False,True,False,True,False,The Collector > Serpent's Fang,The Collector > Essence Reaver > Infinity Edge,The Collector > Essence Reaver > Infinity Edge,remaining_difference,matches_reference,excluded:absent_threat:shields,6 games; 33.3% observed wins,6 games; 33.3% observed wins,https://www.onetricks.gg/champions/builds/Quinn?role=supp,2026-10-01T19:10:30.665517+00:00
Rammus,TOP,16.19,True,True,False,False,False,Thornmail > Dead Man's Plate,Winter's Approach > Warmog's Armor > Cosmic Drive,Thornmail > Dead Man's Plate > Winter's Approach,matches_first_and_core,matches_reference,matches_reference,4 games; 25.0% observed wins,4 games; 25.0% observed wins,https://www.onetricks.gg/champions/builds/Rammus?role=top,2026-10-01T19:10:32.510858+00:00
Rammus,JUNGLE,16.19,True,True,False,True,False,Thornmail > Sunfire Aegis,Winter's Approach > Warmog's Armor > Cosmic Drive,"Thornmail > Hollow Radiance > Jak'Sho, The Protean",remaining_difference,matches_reference,ranked_below_in_external_pool; source_score=1.2955; selected_score=1.3589; calibration_pending,46 games; 47.8% observed wins,46 games; 47.8% observed wins,https://www.onetricks.gg/champions/builds/Rammus,2026-10-01T18:25:12.731603+00:00
Rammus,MIDDLE,16.19,False,True,False,False,False,Hollow Radiance > Thornmail,Hollow Radiance > Winter's Approach > Warmog's Armor,Hollow Radiance > Thornmail > Winter's Approach,matches_first_and_core,matches_reference,matches_reference,no observations,no observations,https://www.onetricks.gg/champions/builds/Rammus?role=mid,2026-10-01T19:10:37.911193+00:00
Rammus,UTILITY,16.19,True,False,False,False,False,Thornmail,Winter's Approach > Warmog's Armor > Protoplasm Harness,Thornmail > Protoplasm Harness > Winter's Approach,matches_first_and_core,matches_reference,no_second_reference,7 games; 85.7% observed wins,7 games; 85.7% observed wins,https://www.onetricks.gg/champions/builds/Rammus?role=supp,2026-10-01T19:10:36.301083+00:00
Rell,UTILITY,16.19,True,False,True,False,False,Locket of the Iron Solari,Zeke's Convergence > Locket of the Iron Solari > Knight's Vow,Zeke's Convergence > Locket of the Iron Solari > Knight's Vow,remaining_difference,ranked_below_in_observed_pool; source_score=0.9093; selected_score=0.9546; calibration_pending,no_second_reference,462 games; 52.4% observed wins,701 games; 52.9% observed wins,https://www.onetricks.gg/champions/builds/Rell,2026-10-01T18:29:14.223883+00:00
Renata,UTILITY,16.19,True,False,True,False,False,Locket of the Iron Solari,Shurelya's Battlesong > Locket of the Iron Solari > Echoes of Helia,Shurelya's Battlesong > Locket of the Iron Solari > Echoes of Helia,remaining_difference,ranked_below_in_observed_pool; source_score=0.3686; selected_score=0.6295; calibration_pending,no_second_reference,129 games; 51.2% observed wins,36 games; 58.3% observed wins,https://www.onetricks.gg/champions/builds/Renata,2026-10-01T18:29:37.172489+00:00
Renekton,TOP,16.19,True,True,True,True,False,Eclipse > Black Cleaver,Black Cleaver > Spear of Shojin > Death's Dance,Black Cleaver > Spear of Shojin > Death's Dance,remaining_difference,ranked_below_in_observed_pool; source_score=0.6701; selected_score=0.7731; calibration_pending,different_prefix; second-purchase comparison is not like-for-like,339 games; 48.1% observed wins,227 games; 52.4% observed wins,https://www.onetricks.gg/champions/builds/Renekton,2026-10-01T18:25:20.847624+00:00
Rengar,TOP,16.19,False,True,False,True,False,Ravenous Hydra > Serpent's Fang,Ravenous Hydra > Voltaic Cyclosword > Essence Reaver,Ravenous Hydra > Voltaic Cyclosword > Essence Reaver,remaining_difference,matches_reference,excluded:absent_threat:shields,31 games; 51.6% observed wins,31 games; 51.6% observed wins,https://www.onetricks.gg/champions/builds/Rengar?role=top,2026-10-01T19:10:54.582624+00:00
Riven,MIDDLE,16.19,True,True,True,True,False,Axiom Arc > Endless Hunger,Umbral Glaive > Endless Hunger > Death's Dance,Umbral Glaive > Endless Hunger > Death's Dance,remaining_difference,excluded:outside_observed_pool,different_prefix; second-purchase comparison is not like-for-like,29 games; 44.8% observed wins,56 games; 60.7% observed wins,https://www.onetricks.gg/champions/builds/Riven?role=mid,2026-10-01T19:11:01.091191+00:00
Rumble,JUNGLE,16.19,True,True,True,True,False,Liandry's Torment > Bloodletter's Curse,Hextech Rocketbelt > Liandry's Torment > Shadowflame,Hextech Rocketbelt > Liandry's Torment > Shadowflame,remaining_difference,ranked_below_in_external_pool; source_score=1.6196; selected_score=1.7544; calibration_pending,different_prefix; second-purchase comparison is not like-for-like,11 games; 45.5% observed wins,5 games; 40.0% observed wins,https://www.onetricks.gg/champions/builds/Rumble?role=jungle,2026-10-01T19:11:01.077685+00:00
Sejuani,MIDDLE,16.19,False,True,False,True,False,Dusk and Dawn > Abyssal Mask,Dusk and Dawn > Heartsteel > Zeke's Convergence,Dusk and Dawn > Heartsteel > Zeke's Convergence,remaining_difference,matches_reference,ranked_below_in_external_pool; source_score=1.2962; selected_score=1.5367; calibration_pending,7 games; 42.9% observed wins,7 games; 42.9% observed wins,https://www.onetricks.gg/champions/builds/Sejuani?role=mid,2026-10-01T19:11:14.175876+00:00
Seraphine,TOP,16.19,True,True,True,True,False,Imperial Mandate > Mikael's Blessing,Archangel's Staff > Shadowflame > Malignance,Archangel's Staff > Shadowflame > Malignance,remaining_difference,ranked_below_in_external_pool; source_score=1.2038; selected_score=1.5457; calibration_pending,different_prefix; second-purchase comparison is not like-for-like,2 games; 100.0% observed wins,1 games; 100.0% observed wins,https://www.onetricks.gg/champions/builds/Seraphine?role=top,2026-10-01T19:11:19.728832+00:00
Seraphine,MIDDLE,16.19,False,True,False,True,False,Blackfire Torch > Rylai's Crystal Scepter,Blackfire Torch > Lich Bane > Malignance,Blackfire Torch > Lich Bane > Malignance,remaining_difference,matches_reference,ranked_below_in_external_pool; source_score=1.3132; selected_score=1.4248; calibration_pending,6 games; 50.0% observed wins,6 games; 50.0% observed wins,https://www.onetricks.gg/champions/builds/Seraphine?role=mid,2026-10-01T19:11:25.212985+00:00
Shaco,TOP,16.19,False,True,False,True,False,Blackfire Torch > Imperial Mandate,Blackfire Torch > Liandry's Torment > Cryptbloom,Blackfire Torch > Liandry's Torment > Cryptbloom,remaining_difference,matches_reference,ranked_below_in_external_pool; source_score=1.0749; selected_score=1.1258; calibration_pending,6 games; 16.7% observed wins,6 games; 16.7% observed wins,https://www.onetricks.gg/champions/builds/Shaco?role=top,2026-10-01T19:11:30.911347+00:00
Shaco,UTILITY,16.19,True,False,True,False,False,Umbral Glaive,Blackfire Torch > Imperial Mandate > Malignance,Blackfire Torch > Imperial Mandate > Malignance,remaining_difference,ranked_below_in_external_pool; source_score=1.3610; selected_score=1.4202; calibration_pending,no_second_reference,17 games; 47.1% observed wins,7 games; 42.9% observed wins,https://www.onetricks.gg/champions/builds/Shaco?role=supp,2026-10-01T19:11:31.617209+00:00
Shen,BOTTOM,16.19,False,True,False,True,False,Titanic Hydra > Dusk and Dawn,Titanic Hydra > Protoplasm Harness > Dead Man's Plate,Titanic Hydra > Protoplasm Harness > Dead Man's Plate,remaining_difference,matches_reference,ranked_below_in_external_pool; source_score=1.4771; selected_score=1.7748; calibration_pending,6 games; 50.0% observed wins,6 games; 50.0% observed wins,https://www.onetricks.gg/champions/builds/Shen?role=bot,2026-10-01T19:11:39.591489+00:00
Shen,UTILITY,16.19,True,False,True,False,False,Locket of the Iron Solari,Protoplasm Harness > Locket of the Iron Solari > Warmog's Armor,Protoplasm Harness > Locket of the Iron Solari > Warmog's Armor,remaining_difference,ranked_below_in_observed_pool; source_score=0.8610; selected_score=1.1077; calibration_pending,no_second_reference,73 games; 49.3% observed wins,38 games; 42.1% observed wins,https://www.onetricks.gg/champions/builds/Shen?role=supp,2026-10-01T19:11:37.357206+00:00
Shyvana,TOP,16.19,False,True,False,True,False,Dusk and Dawn > Sterak's Gage,Dusk and Dawn > Death's Dance > Endless Hunger,Dusk and Dawn > Death's Dance > Endless Hunger,remaining_difference,matches_reference,ranked_below_in_external_pool; source_score=0.9833; selected_score=1.2387; calibration_pending,9 games; 22.2% observed wins,9 games; 22.2% observed wins,https://www.onetricks.gg/champions/builds/Shyvana?role=top,2026-10-01T19:11:37.674888+00:00
Singed,MIDDLE,16.19,True,True,True,True,False,Liandry's Torment > Rylai's Crystal Scepter,Hextech Rocketbelt > Rylai's Crystal Scepter > Protoplasm Harness,Hextech Rocketbelt > Rylai's Crystal Scepter > Protoplasm Harness,remaining_difference,ranked_below_in_external_pool; source_score=1.4649; selected_score=1.4863; calibration_pending,different_prefix; second-purchase comparison is not like-for-like,19 games; 57.9% observed wins,19 games; 47.4% observed wins,https://www.onetricks.gg/champions/builds/Singed?role=mid,2026-10-01T19:11:42.197240+00:00
Sion,TOP,16.19,True,True,True,True,False,Unending Despair > Spirit Visage,Heartsteel > Unending Despair > Titanic Hydra,Heartsteel > Unending Despair > Titanic Hydra,remaining_difference,ranked_below_in_observed_pool; source_score=0.7061; selected_score=1.1045; calibration_pending,different_prefix; second-purchase comparison is not like-for-like,91 games; 48.4% observed wins,81 games; 48.1% observed wins,https://www.onetricks.gg/champions/builds/Sion,2026-10-01T18:25:58.072099+00:00
Sion,JUNGLE,16.19,True,True,True,True,False,Axiom Arc > Youmuu's Ghostblade,Heartsteel > Hollow Radiance > Unending Despair,Heartsteel > Hollow Radiance > Unending Despair,remaining_difference,ranked_below_in_external_pool; source_score=1.3567; selected_score=1.7976; calibration_pending,different_prefix; second-purchase comparison is not like-for-like,no observations,4 games; 50.0% observed wins,https://www.onetricks.gg/champions/builds/Sion?role=jungle,2026-10-01T19:11:42.613689+00:00
Sivir,BOTTOM,16.19,True,True,False,False,False,Yun Tal Wildarrows > Infinity Edge,Essence Reaver > Navori Flickerblade > Infinity Edge,Yun Tal Wildarrows > Infinity Edge > Lord Dominik's Regards,matches_first_and_core,matches_reference,matches_reference,334 games; 46.4% observed wins,334 games; 46.4% observed wins,https://www.onetricks.gg/champions/builds/Sivir,2026-10-01T18:25:58.070221+00:00
Skarner,UTILITY,16.19,True,False,True,False,False,Titanic Hydra,Heartsteel > Locket of the Iron Solari > Warmog's Armor,Heartsteel > Locket of the Iron Solari > Warmog's Armor,remaining_difference,ranked_below_in_external_pool; source_score=1.5784; selected_score=1.7295; calibration_pending,no_second_reference,17 games; 29.4% observed wins,6 games; 50.0% observed wins,https://www.onetricks.gg/champions/builds/Skarner?role=supp,2026-10-01T19:11:53.930305+00:00
Smolder,MIDDLE,16.19,False,True,False,True,False,Essence Reaver > Rapid Firecannon,Essence Reaver > Spear of Shojin > Black Cleaver,Essence Reaver > Spear of Shojin > Black Cleaver,remaining_difference,matches_reference,ranked_below_in_external_pool; source_score=1.2316; selected_score=1.2349; calibration_pending,18 games; 50.0% observed wins,18 games; 50.0% observed wins,https://www.onetricks.gg/champions/builds/Smolder?role=mid,2026-10-01T19:11:59.107514+00:00
Smolder,BOTTOM,16.19,False,True,False,True,False,Essence Reaver > Black Cleaver,Essence Reaver > Infinity Edge > Lord Dominik's Regards,Essence Reaver > Infinity Edge > Lord Dominik's Regards,remaining_difference,matches_reference,ranked_below_in_external_pool; source_score=1.5689; selected_score=1.6065; calibration_pending,76 games; 42.1% observed wins,76 games; 42.1% observed wins,https://www.onetricks.gg/champions/builds/Smolder,2026-10-01T18:26:05.014955+00:00
Swain,TOP,16.19,False,True,False,True,False,Rylai's Crystal Scepter > Liandry's Torment,Rylai's Crystal Scepter > Winter's Approach > Force of Nature,Rylai's Crystal Scepter > Winter's Approach > Force of Nature,remaining_difference,matches_reference,ranked_below_in_external_pool; source_score=1.2684; selected_score=1.5181; calibration_pending,15 games; 26.7% observed wins,15 games; 26.7% observed wins,https://www.onetricks.gg/champions/builds/Swain?role=top,2026-10-01T19:12:04.519862+00:00
Swain,JUNGLE,16.19,False,True,False,True,False,Blackfire Torch > Zhonya's Hourglass,Blackfire Torch > Cosmic Drive > Dusk and Dawn,Blackfire Torch > Cosmic Drive > Dusk and Dawn,remaining_difference,matches_reference,excluded:absent_threat:burst,no observations,no observations,https://www.onetricks.gg/champions/builds/Swain?role=jungle,2026-10-01T19:12:14.153879+00:00
TahmKench,MIDDLE,16.19,False,True,False,True,False,Heartsteel > Randuin's Omen,"Heartsteel > Spirit Visage > Jak'Sho, The Protean","Heartsteel > Spirit Visage > Jak'Sho, The Protean",remaining_difference,matches_reference,excluded:absent_threat:crit,1 games; 100.0% observed wins,1 games; 100.0% observed wins,https://www.onetricks.gg/champions/builds/TahmKench?role=mid,2026-10-01T19:12:26.957517+00:00
Taliyah,BOTTOM,16.19,False,True,False,True,False,Blackfire Torch > Rylai's Crystal Scepter,Blackfire Torch > Hextech Rocketbelt > Cryptbloom,Blackfire Torch > Hextech Rocketbelt > Cryptbloom,remaining_difference,matches_reference,ranked_below_in_external_pool; source_score=1.2818; selected_score=1.5121; calibration_pending,41 games; 48.8% observed wins,41 games; 48.8% observed wins,https://www.onetricks.gg/champions/builds/Taliyah?role=bot,2026-10-01T19:12:27.231075+00:00
Talon,TOP,16.19,True,True,True,True,False,Eclipse > Black Cleaver,Umbral Glaive > Bastionbreaker > Youmuu's Ghostblade,Umbral Glaive > Bastionbreaker > Youmuu's Ghostblade,remaining_difference,ranked_below_in_external_pool; source_score=1.6728; selected_score=1.7998; calibration_pending,different_prefix; second-purchase comparison is not like-for-like,4 games; 25.0% observed wins,1 games; 0.0% observed wins,https://www.onetricks.gg/champions/builds/Talon?role=top,2026-10-01T19:12:34.887886+00:00
Taric,JUNGLE,16.19,False,True,False,True,False,Rod of Ages > Dead Man's Plate,"Rod of Ages > Bandlepipes > Jak'Sho, The Protean","Rod of Ages > Bandlepipes > Jak'Sho, The Protean",remaining_difference,matches_reference,ranked_below_in_external_pool; source_score=1.1844; selected_score=1.2480; calibration_pending,48 games; 37.5% observed wins,48 games; 37.5% observed wins,https://www.onetricks.gg/champions/builds/Taric?role=jungle,2026-10-01T19:12:41.132808+00:00
Teemo,MIDDLE,16.19,False,True,False,True,False,Statikk Shiv > Riftmaker,Statikk Shiv > Malignance > Hextech Gunblade,Statikk Shiv > Malignance > Hextech Gunblade,remaining_difference,matches_reference,ranked_below_in_external_pool; source_score=1.2254; selected_score=1.2502; calibration_pending,3 games; 33.3% observed wins,3 games; 33.3% observed wins,https://www.onetricks.gg/champions/builds/Teemo?role=mid,2026-10-01T19:12:41.385731+00:00
Trundle,TOP,16.19,False,True,False,True,False,Ravenous Hydra > Blade of The Ruined King,Ravenous Hydra > Trinity Force > Hullbreaker,Ravenous Hydra > Trinity Force > Hullbreaker,remaining_difference,matches_reference,ranked_below_in_external_pool; source_score=1.1054; selected_score=1.1873; calibration_pending,122 games; 48.4% observed wins,122 games; 48.4% observed wins,https://www.onetricks.gg/champions/builds/Trundle,2026-10-01T18:26:34.594863+00:00
Trundle,JUNGLE,16.19,False,True,False,True,False,Trinity Force > Dead Man's Plate,Trinity Force > Titanic Hydra > Blade of The Ruined King,Trinity Force > Titanic Hydra > Blade of The Ruined King,remaining_difference,matches_reference,ranked_below_in_external_pool; source_score=1.1448; selected_score=1.1622; calibration_pending,77 games; 42.9% observed wins,77 games; 42.9% observed wins,https://www.onetricks.gg/champions/builds/Trundle?role=jungle,2026-10-01T19:12:53.997383+00:00
Tryndamere,JUNGLE,16.19,False,True,False,True,False,Ravenous Hydra > Mortal Reminder,Ravenous Hydra > Phantom Dancer > Infinity Edge,Ravenous Hydra > Phantom Dancer > Infinity Edge,remaining_difference,matches_reference,excluded:no_urgent_lane_healing,3 games; 66.7% observed wins,3 games; 66.7% observed wins,https://www.onetricks.gg/champions/builds/Tryndamere?role=jungle,2026-10-01T19:12:58.970639+00:00
TwistedFate,TOP,16.19,True,True,True,True,False,Rod of Ages > Lich Bane,Kraken Slayer > Yun Tal Wildarrows > Lord Dominik's Regards,Kraken Slayer > Yun Tal Wildarrows > Lord Dominik's Regards,remaining_difference,excluded:outside_observed_pool,different_prefix; second-purchase comparison is not like-for-like,11 games; 45.5% observed wins,60 games; 46.7% observed wins,https://www.onetricks.gg/champions/builds/TwistedFate?role=top,2026-10-01T19:12:59.176423+00:00
TwistedFate,MIDDLE,16.19,True,True,False,False,False,Rod of Ages > Lich Bane,Hextech Rocketbelt > Lich Bane > Rapid Firecannon,Rod of Ages > Lich Bane > Rapid Firecannon,matches_first_and_core,matches_reference,matches_reference,396 games; 51.0% observed wins,396 games; 51.0% observed wins,https://www.onetricks.gg/champions/builds/TwistedFate,2026-10-01T18:26:42.356266+00:00
Twitch,BOTTOM,16.19,True,True,True,True,False,The Collector > Fiendhunter Bolts,Yun Tal Wildarrows > Infinity Edge > Runaan's Hurricane,Yun Tal Wildarrows > Infinity Edge > Runaan's Hurricane,remaining_difference,ranked_below_in_observed_pool; source_score=0.9225; selected_score=0.9312; calibration_pending,different_prefix; second-purchase comparison is not like-for-like,141 games; 54.6% observed wins,106 games; 55.7% observed wins,https://www.onetricks.gg/champions/builds/Twitch,2026-10-01T18:26:42.400161+00:00
Udyr,JUNGLE,16.19,False,True,False,True,False,Spear of Shojin > Death's Dance,Spear of Shojin > Experimental Hexplate > Death's Dance,Spear of Shojin > Experimental Hexplate > Death's Dance,remaining_difference,matches_reference,ranked_below_in_external_pool; source_score=1.1200; selected_score=1.2885; calibration_pending,96 games; 51.0% observed wins,96 games; 51.0% observed wins,https://www.onetricks.gg/champions/builds/Udyr,2026-10-01T18:26:42.450632+00:00
Udyr,MIDDLE,16.19,True,True,True,True,False,Riftmaker > Winter's Approach,Dusk and Dawn > Spirit Visage > Warmog's Armor,Dusk and Dawn > Spirit Visage > Warmog's Armor,remaining_difference,ranked_below_in_external_pool; source_score=1.4121; selected_score=1.5125; calibration_pending,different_prefix; second-purchase comparison is not like-for-like,no observations,no observations,https://www.onetricks.gg/champions/builds/Udyr?role=mid,2026-10-01T19:13:13.122241+00:00
Udyr,UTILITY,16.19,True,False,True,False,False,Randuin's Omen,Bandlepipes > Locket of the Iron Solari > Warmog's Armor,Bandlepipes > Locket of the Iron Solari > Warmog's Armor,remaining_difference,excluded:absent_threat:crit,no_second_reference,no observations,2 games; 50.0% observed wins,https://www.onetricks.gg/champions/builds/Udyr?role=supp,2026-10-01T19:13:13.232186+00:00
Varus,MIDDLE,16.19,False,True,False,True,False,Nashor's Tooth > Zhonya's Hourglass,Nashor's Tooth > Stormsurge > Essence Reaver,Nashor's Tooth > Stormsurge > Essence Reaver,remaining_difference,matches_reference,excluded:absent_threat:burst,2 games; 50.0% observed wins,2 games; 50.0% observed wins,https://www.onetricks.gg/champions/builds/Varus?role=mid,2026-10-01T19:13:19.851275+00:00
Vayne,JUNGLE,16.19,False,True,False,True,False,Kraken Slayer > Guinsoo's Rageblade,Kraken Slayer > Stormrazor > Lord Dominik's Regards,Kraken Slayer > Stormrazor > Lord Dominik's Regards,remaining_difference,matches_reference,ranked_below_in_external_pool; source_score=1.3089; selected_score=1.5329; calibration_pending,10 games; 50.0% observed wins,10 games; 50.0% observed wins,https://www.onetricks.gg/champions/builds/Vayne?role=jungle,2026-10-01T19:13:25.804515+00:00
Vayne,MIDDLE,16.19,True,True,True,True,False,Experimental Hexplate > Essence Reaver,Essence Reaver > The Collector > Lord Dominik's Regards,Essence Reaver > The Collector > Lord Dominik's Regards,remaining_difference,ranked_below_in_external_pool; source_score=1.3950; selected_score=1.5370; calibration_pending,different_prefix; second-purchase comparison is not like-for-like,13 games; 53.8% observed wins,9 games; 66.7% observed wins,https://www.onetricks.gg/champions/builds/Vayne?role=mid,2026-10-01T19:13:26.423798+00:00
Vayne,BOTTOM,16.19,True,True,True,True,False,Kraken Slayer > Guinsoo's Rageblade,Essence Reaver > Experimental Hexplate > Voltaic Cyclosword,Essence Reaver > Experimental Hexplate > Voltaic Cyclosword,remaining_difference,ranked_below_in_external_pool; source_score=1.5647; selected_score=1.7736; calibration_pending,different_prefix; second-purchase comparison is not like-for-like,21 games; 42.9% observed wins,29 games; 55.2% observed wins,https://www.onetricks.gg/champions/builds/Vayne,2026-10-01T18:26:48.642294+00:00
Veigar,TOP,16.19,False,True,False,True,False,Rod of Ages > Shurelya's Battlesong,Rod of Ages > Archangel's Staff > Cryptbloom,Rod of Ages > Archangel's Staff > Cryptbloom,remaining_difference,matches_reference,ranked_below_in_external_pool; source_score=1.5240; selected_score=1.5791; calibration_pending,11 games; 54.5% observed wins,11 games; 54.5% observed wins,https://www.onetricks.gg/champions/builds/Veigar?role=top,2026-10-01T19:13:26.103655+00:00
Veigar,MIDDLE,16.19,True,True,True,True,False,Rod of Ages > Rabadon's Deathcap,Luden's Echo > Void Staff > Rabadon's Deathcap,Luden's Echo > Void Staff > Rabadon's Deathcap,remaining_difference,ranked_below_in_observed_pool; source_score=0.6748; selected_score=0.9536; calibration_pending,different_prefix; second-purchase comparison is not like-for-like,83 games; 44.6% observed wins,31 games; 67.7% observed wins,https://www.onetricks.gg/champions/builds/Veigar,2026-10-01T18:26:55.793607+00:00
Veigar,UTILITY,16.19,True,False,True,False,False,Locket of the Iron Solari,Shurelya's Battlesong > Locket of the Iron Solari > Malignance,Shurelya's Battlesong > Locket of the Iron Solari > Malignance,remaining_difference,ranked_below_in_external_pool; source_score=0.9913; selected_score=1.1303; calibration_pending,no_second_reference,7 games; 42.9% observed wins,6 games; 16.7% observed wins,https://www.onetricks.gg/champions/builds/Veigar?role=supp,2026-10-01T19:13:33.816679+00:00
Velkoz,TOP,16.19,False,True,False,True,False,Blackfire Torch > Zhonya's Hourglass,Blackfire Torch > Horizon Focus > Liandry's Torment,Blackfire Torch > Horizon Focus > Liandry's Torment,remaining_difference,matches_reference,excluded:absent_threat:burst,10 games; 90.0% observed wins,10 games; 90.0% observed wins,https://www.onetricks.gg/champions/builds/Velkoz?role=top,2026-10-01T19:13:33.980872+00:00
Velkoz,UTILITY,16.19,True,False,True,False,False,Shurelya's Battlesong,Luden's Echo > Horizon Focus > Malignance,Luden's Echo > Horizon Focus > Malignance,remaining_difference,ranked_below_in_observed_pool; source_score=0.8352; selected_score=0.9594; calibration_pending,no_second_reference,42 games; 42.9% observed wins,52 games; 42.3% observed wins,https://www.onetricks.gg/champions/builds/Velkoz?role=supp,2026-10-01T19:13:43.173396+00:00
Viego,TOP,16.19,False,True,False,True,False,Kraken Slayer > Titanic Hydra,Kraken Slayer > Immortal Shieldbow > Lord Dominik's Regards,Kraken Slayer > Immortal Shieldbow > Lord Dominik's Regards,remaining_difference,matches_reference,ranked_below_in_external_pool; source_score=1.1539; selected_score=1.5410; calibration_pending,20 games; 45.0% observed wins,20 games; 45.0% observed wins,https://www.onetricks.gg/champions/builds/Viego?role=top,2026-10-01T19:13:48.859968+00:00
Viktor,TOP,16.19,False,True,False,True,False,Blackfire Torch > Liandry's Torment,Blackfire Torch > Hextech Rocketbelt > Void Staff,Blackfire Torch > Hextech Rocketbelt > Void Staff,remaining_difference,matches_reference,ranked_below_in_external_pool; source_score=1.2044; selected_score=1.4933; calibration_pending,49 games; 40.8% observed wins,49 games; 40.8% observed wins,https://www.onetricks.gg/champions/builds/Viktor?role=top,2026-10-01T19:13:56.205634+00:00
Viktor,MIDDLE,16.19,False,True,False,True,False,Blackfire Torch > Liandry's Torment,Blackfire Torch > Lich Bane > Rabadon's Deathcap,Blackfire Torch > Lich Bane > Rabadon's Deathcap,remaining_difference,matches_reference,ranked_below_in_observed_pool; source_score=0.4459; selected_score=1.0914; calibration_pending,883 games; 47.8% observed wins,883 games; 47.8% observed wins,https://www.onetricks.gg/champions/builds/Viktor,2026-10-01T18:27:02.141785+00:00
Viktor,BOTTOM,16.19,False,True,False,True,False,Blackfire Torch > Hextech Rocketbelt,Blackfire Torch > Lich Bane > Void Staff,Blackfire Torch > Lich Bane > Void Staff,remaining_difference,matches_reference,ranked_below_in_observed_pool; source_score=0.8884; selected_score=1.0235; calibration_pending,526 games; 53.0% observed wins,526 games; 53.0% observed wins,https://www.onetricks.gg/champions/builds/Viktor?role=bot,2026-10-01T19:13:55.883874+00:00
Vladimir,TOP,16.19,True,True,True,True,False,Stormsurge > Liandry's Torment,Cosmic Drive > Riftmaker > Rabadon's Deathcap,Cosmic Drive > Riftmaker > Rabadon's Deathcap,remaining_difference,ranked_below_in_observed_pool; source_score=0.8268; selected_score=1.2308; calibration_pending,different_prefix; second-purchase comparison is not like-for-like,65 games; 56.9% observed wins,61 games; 45.9% observed wins,https://www.onetricks.gg/champions/builds/Vladimir?role=top,2026-10-01T19:13:55.655940+00:00
Vladimir,MIDDLE,16.19,True,True,False,False,False,Stormsurge > Liandry's Torment,Cosmic Drive > Riftmaker > Void Staff,Stormsurge > Liandry's Torment > Void Staff,matches_first_and_core,matches_reference,matches_reference,255 games; 49.0% observed wins,255 games; 49.0% observed wins,https://www.onetricks.gg/champions/builds/Vladimir,2026-10-01T18:27:08.067180+00:00
Volibear,TOP,16.19,False,True,False,True,False,Dusk and Dawn > Navori Flickerblade,Dusk and Dawn > Hullbreaker > Death's Dance,Dusk and Dawn > Hullbreaker > Death's Dance,remaining_difference,matches_reference,ranked_below_in_external_pool; source_score=1.0407; selected_score=1.1462; calibration_pending,38 games; 34.2% observed wins,38 games; 34.2% observed wins,https://www.onetricks.gg/champions/builds/Volibear,2026-10-01T18:27:08.159689+00:00
Volibear,JUNGLE,16.19,False,True,False,True,False,Dusk and Dawn > Navori Flickerblade,Dusk and Dawn > Black Cleaver > Spirit Visage,Dusk and Dawn > Black Cleaver > Spirit Visage,remaining_difference,matches_reference,ranked_below_in_external_pool; source_score=1.0407; selected_score=1.2914; calibration_pending,32 games; 46.9% observed wins,32 games; 46.9% observed wins,https://www.onetricks.gg/champions/builds/Volibear?role=jungle,2026-10-01T19:14:00.686477+00:00
Warwick,TOP,16.19,True,True,True,True,False,Blade of The Ruined King > Death's Dance,Stridebreaker > Experimental Hexplate > Sterak's Gage,Stridebreaker > Experimental Hexplate > Sterak's Gage,remaining_difference,ranked_below_in_observed_pool; source_score=0.3485; selected_score=0.4644; calibration_pending,different_prefix; second-purchase comparison is not like-for-like,69 games; 50.7% observed wins,35 games; 51.4% observed wins,https://www.onetricks.gg/champions/builds/Warwick,2026-10-01T18:27:07.962784+00:00
Warwick,JUNGLE,16.19,True,True,True,True,False,Blade of The Ruined King > Terminus,Stridebreaker > Experimental Hexplate > Death's Dance,Stridebreaker > Experimental Hexplate > Death's Dance,remaining_difference,ranked_below_in_external_pool; source_score=1.0628; selected_score=1.1167; calibration_pending,different_prefix; second-purchase comparison is not like-for-like,25 games; 56.0% observed wins,9 games; 66.7% observed wins,https://www.onetricks.gg/champions/builds/Warwick?role=jungle,2026-10-01T19:14:08.985939+00:00
MonkeyKing,MIDDLE,16.19,True,True,True,True,False,Profane Hydra > Trinity Force,Trinity Force > Black Cleaver > Death's Dance,Trinity Force > Black Cleaver > Death's Dance,remaining_difference,ranked_below_in_external_pool; source_score=1.1884; selected_score=1.1901; calibration_pending,different_prefix; second-purchase comparison is not like-for-like,2 games; 100.0% observed wins,2 games; 0.0% observed wins,https://www.onetricks.gg/champions/builds/MonkeyKing?role=mid,2026-10-01T19:09:08.883323+00:00
MonkeyKing,BOTTOM,16.19,True,True,True,True,False,Eclipse > Trinity Force,Trinity Force > Sundered Sky > Black Cleaver,Trinity Force > Sundered Sky > Black Cleaver,remaining_difference,ranked_below_in_external_pool; source_score=1.2109; selected_score=1.2465; calibration_pending,different_prefix; second-purchase comparison is not like-for-like,1 games; 0.0% observed wins,no observations,https://www.onetricks.gg/champions/builds/MonkeyKing?role=bot,2026-10-01T19:09:08.589278+00:00
Xayah,TOP,16.19,False,True,False,True,False,Stormrazor > Navori Flickerblade,Stormrazor > Infinity Edge > Navori Flickerblade,Stormrazor > Infinity Edge > Navori Flickerblade,remaining_difference,matches_reference,ranked_below_in_external_pool; source_score=1.3033; selected_score=1.4008; calibration_pending,2 games; 0.0% observed wins,2 games; 0.0% observed wins,https://www.onetricks.gg/champions/builds/Xayah?role=top,2026-10-01T19:14:09.729078+00:00
Xayah,MIDDLE,16.19,True,True,True,True,False,Yun Tal Wildarrows > Navori Flickerblade,Hexoptics C44 > Navori Flickerblade > Infinity Edge,Hexoptics C44 > Navori Flickerblade > Infinity Edge,remaining_difference,ranked_below_in_external_pool; source_score=1.4210; selected_score=1.5135; calibration_pending,different_prefix; second-purchase comparison is not like-for-like,1 games; 0.0% observed wins,no observations,https://www.onetricks.gg/champions/builds/Xayah?role=mid,2026-10-01T19:14:15.048262+00:00
Xayah,BOTTOM,16.19,True,True,False,False,False,Yun Tal Wildarrows > Infinity Edge,Essence Reaver > Navori Flickerblade > Infinity Edge,Yun Tal Wildarrows > Infinity Edge > Navori Flickerblade,matches_first_and_core,matches_reference,matches_reference,299 games; 51.5% observed wins,299 games; 51.5% observed wins,https://www.onetricks.gg/champions/builds/Xayah,2026-10-01T18:27:13.417660+00:00
XinZhao,TOP,16.19,False,True,False,True,False,Black Cleaver > Manamune,Black Cleaver > Titanic Hydra > Manamune,Black Cleaver > Titanic Hydra > Manamune,remaining_difference,matches_reference,ranked_below_in_external_pool; source_score=1.2197; selected_score=1.2473; calibration_pending,1 games; 100.0% observed wins,1 games; 100.0% observed wins,https://www.onetricks.gg/champions/builds/XinZhao?role=top,2026-10-01T19:14:21.717253+00:00
Yasuo,TOP,16.19,True,True,True,True,False,Blade of The Ruined King > Immortal Shieldbow,Stormrazor > Immortal Shieldbow > Infinity Edge,Stormrazor > Immortal Shieldbow > Infinity Edge,remaining_difference,ranked_below_in_observed_pool; source_score=0.7626; selected_score=0.8956; calibration_pending,different_prefix; second-purchase comparison is not like-for-like,134 games; 60.4% observed wins,48 games; 58.3% observed wins,https://www.onetricks.gg/champions/builds/Yasuo?role=top,2026-10-01T19:14:21.193365+00:00
Yasuo,BOTTOM,16.19,True,True,True,True,False,Immortal Shieldbow > Infinity Edge,Stormrazor > Immortal Shieldbow > Infinity Edge,Stormrazor > Immortal Shieldbow > Infinity Edge,remaining_difference,ranked_below_in_observed_pool; source_score=0.7882; selected_score=0.9457; calibration_pending,different_prefix; second-purchase comparison is not like-for-like,86 games; 60.5% observed wins,91 games; 59.3% observed wins,https://www.onetricks.gg/champions/builds/Yasuo?role=bot,2026-10-01T19:14:27.547252+00:00
Yone,MIDDLE,16.19,True,True,True,True,False,Immortal Shieldbow > Infinity Edge,Stormrazor > Immortal Shieldbow > Infinity Edge,Stormrazor > Immortal Shieldbow > Infinity Edge,remaining_difference,ranked_below_in_observed_pool; source_score=0.7775; selected_score=0.8613; calibration_pending,different_prefix; second-purchase comparison is not like-for-like,477 games; 50.9% observed wins,162 games; 55.6% observed wins,https://www.onetricks.gg/champions/builds/Yone,2026-10-01T18:27:19.108838+00:00
Yone,BOTTOM,16.19,True,True,True,True,False,Blade of The Ruined King > Immortal Shieldbow,Stormrazor > Immortal Shieldbow > Death's Dance,Stormrazor > Immortal Shieldbow > Death's Dance,remaining_difference,excluded:outside_observed_pool,different_prefix; second-purchase comparison is not like-for-like,27 games; 51.9% observed wins,30 games; 56.7% observed wins,https://www.onetricks.gg/champions/builds/Yone?role=bot,2026-10-01T19:14:27.683316+00:00
Yorick,MIDDLE,16.19,True,True,True,True,False,Voltaic Cyclosword > Eclipse,Trinity Force > Black Cleaver > Spear of Shojin,Trinity Force > Black Cleaver > Spear of Shojin,remaining_difference,ranked_below_in_external_pool; source_score=1.0568; selected_score=1.2035; calibration_pending,different_prefix; second-purchase comparison is not like-for-like,no observations,2 games; 50.0% observed wins,https://www.onetricks.gg/champions/builds/Yorick?role=mid,2026-10-01T19:14:36.323184+00:00
Yorick,BOTTOM,16.19,False,True,False,True,False,Profane Hydra > Serpent's Fang,Profane Hydra > Winter's Approach > Protoplasm Harness,Profane Hydra > Winter's Approach > Protoplasm Harness,remaining_difference,matches_reference,excluded:absent_threat:shields,no observations,no observations,https://www.onetricks.gg/champions/builds/Yorick?role=bot,2026-10-01T19:14:36.212688+00:00
Yuumi,MIDDLE,16.19,False,True,False,False,False,Moonstone Renewer > Whispering Circlet,Moonstone Renewer > Malignance > Cosmic Drive,Moonstone Renewer > Whispering Circlet > Malignance,matches_first_and_core,matches_reference,matches_reference,no observations,no observations,https://www.onetricks.gg/champions/builds/Yuumi?role=mid,2026-10-01T19:14:41.576253+00:00
Yuumi,UTILITY,16.19,True,False,True,False,False,Ardent Censer,Echoes of Helia > Knight's Vow > Redemption,Echoes of Helia > Whispering Circlet > Redemption,remaining_difference,ranked_below_in_observed_pool; source_score=0.6877; selected_score=0.6940; calibration_pending,no_second_reference,183 games; 53.6% observed wins,41 games; 39.0% observed wins,https://www.onetricks.gg/champions/builds/Yuumi,2026-10-01T18:29:48.648240+00:00
Zac,TOP,16.19,False,True,False,True,False,Sunfire Aegis > Spirit Visage,Sunfire Aegis > Riftmaker > Spirit Visage,Sunfire Aegis > Riftmaker > Spirit Visage,remaining_difference,matches_reference,ranked_below_in_external_pool; source_score=1.4726; selected_score=1.5241; calibration_pending,77 games; 50.6% observed wins,77 games; 50.6% observed wins,https://www.onetricks.gg/champions/builds/Zac?role=top,2026-10-01T19:14:47.551089+00:00
Zyra,TOP,16.19,True,True,True,True,False,Liandry's Torment > Rylai's Crystal Scepter,Blackfire Torch > Liandry's Torment > Malignance,Blackfire Torch > Liandry's Torment > Malignance,remaining_difference,ranked_below_in_external_pool; source_score=1.2044; selected_score=1.3003; calibration_pending,different_prefix; second-purchase comparison is not like-for-like,2 games; 0.0% observed wins,2 games; 100.0% observed wins,https://www.onetricks.gg/champions/builds/Zyra?role=top,2026-10-01T19:15:12.261259+00:00
Zyra,MIDDLE,16.19,True,True,True,True,False,Liandry's Torment > Blackfire Torch,Blackfire Torch > Shadowflame > Malignance,Blackfire Torch > Shadowflame > Malignance,remaining_difference,ranked_below_in_external_pool; source_score=1.2044; selected_score=1.2893; calibration_pending,different_prefix; second-purchase comparison is not like-for-like,8 games; 87.5% observed wins,no observations,https://www.onetricks.gg/champions/builds/Zyra?role=mid,2026-10-01T19:15:17.266513+00:00
