champion,role,patch,original_first_flag,original_core_flag,new_first_flag,new_core_flag,newly_flagged,source_core,before,after,resolution,first_diagnosis,second_diagnosis,source_first_local_sample,chosen_first_local_sample,source_second_local_sample,chosen_second_local_sample,source_url,source_retrieved
Aatrox,TOP,16.19,True,True,False,False,False,Eclipse > Black Cleaver,Black Cleaver > Spear of Shojin > Death's Dance,Eclipse > Black Cleaver > Death's Dance,matches_first_and_core,matches_reference,matches_reference,181 games; 48.1% observed wins,181 games; 48.1% observed wins,20 purchases; 60.0% observed wins; prefix cohort 75,20 purchases; 60.0% observed wins; prefix cohort 75,https://www.onetricks.gg/champions/builds/Aatrox,2026-10-01T18:21:13.253882+00:00
Ahri,TOP,16.19,True,True,False,False,False,Blackfire Torch > Cosmic Drive,Malignance > Lich Bane > Shadowflame,Blackfire Torch > Cosmic Drive > Shadowflame,matches_first_and_core,matches_reference,matches_reference,35 games; 57.1% observed wins,35 games; 57.1% observed wins,8 purchases; 75.0% observed wins; prefix cohort 24,8 purchases; 75.0% observed wins; prefix cohort 24,https://www.onetricks.gg/champions/builds/Ahri?role=top,2026-10-01T19:03:00.361314+00:00
Ambessa,TOP,16.19,False,False,False,True,True,Eclipse > Black Cleaver,Eclipse > Black Cleaver > Death's Dance,Eclipse > Spear of Shojin > Death's Dance,remaining_difference,matches_reference,local_purchase_evidence_differs_from_reference; source_score=1.0718; selected_score=1.1127; source_context=0; selected_context=0; not_proven_superiority,763 games; 48.0% observed wins,763 games; 48.0% observed wins,71 purchases; 57.7% observed wins; prefix cohort 291,110 purchases; 60.0% observed wins; prefix cohort 291,https://www.onetricks.gg/champions/builds/Ambessa,2026-10-01T18:21:19.577959+00:00
Amumu,JUNGLE,16.19,False,True,False,False,False,Liandry's Torment > Sunfire Aegis,Liandry's Torment > Zeke's Convergence > Abyssal Mask,Liandry's Torment > Sunfire Aegis > Abyssal Mask,matches_first_and_core,matches_reference,matches_reference,25 games; 28.0% observed wins,25 games; 28.0% observed wins,7 purchases; 28.6% observed wins; prefix cohort 13,7 purchases; 28.6% observed wins; prefix cohort 13,https://www.onetricks.gg/champions/builds/Amumu?role=jungle,2026-10-01T19:03:34.900789+00:00
Anivia,BOTTOM,16.19,True,True,False,False,False,Rod of Ages > Malignance,Malignance > Liandry's Torment > Cosmic Drive,Rod of Ages > Malignance > Hextech Rocketbelt,matches_first_and_core,matches_reference,matches_reference,23 games; 52.2% observed wins,23 games; 52.2% observed wins,11 purchases; 45.5% observed wins; prefix cohort 14,11 purchases; 45.5% observed wins; prefix cohort 14,https://www.onetricks.gg/champions/builds/Anivia?role=bot,2026-10-01T19:03:45.305296+00:00
Annie,MIDDLE,16.19,False,True,False,False,False,Malignance > Shadowflame,Malignance > Hextech Rocketbelt > Shadowflame,Malignance > Shadowflame > Rabadon's Deathcap,matches_first_and_core,matches_reference,matches_reference,144 games; 43.8% observed wins,144 games; 43.8% observed wins,11 purchases; 54.5% observed wins; prefix cohort 65,11 purchases; 54.5% observed wins; prefix cohort 65,https://www.onetricks.gg/champions/builds/Annie,2026-10-01T18:21:27.343545+00:00
Aphelios,BOTTOM,16.19,True,True,False,False,False,The Collector > Infinity Edge,Stormrazor > Infinity Edge > Lord Dominik's Regards,The Collector > Infinity Edge > Lord Dominik's Regards,matches_first_and_core,matches_reference,matches_reference,528 games; 45.6% observed wins,528 games; 45.6% observed wins,249 purchases; 54.2% observed wins; prefix cohort 352,249 purchases; 54.2% observed wins; prefix cohort 352,https://www.onetricks.gg/champions/builds/Aphelios,2026-10-01T18:21:35.760446+00:00
Aurora,TOP,16.19,True,True,False,False,False,Stormsurge > Shadowflame,Luden's Echo > Shadowflame > Stormsurge,Stormsurge > Shadowflame > Rabadon's Deathcap,matches_first_and_core,matches_reference,matches_reference,77 games; 45.5% observed wins,77 games; 45.5% observed wins,22 purchases; 40.9% observed wins; prefix cohort 29,22 purchases; 40.9% observed wins; prefix cohort 29,https://www.onetricks.gg/champions/builds/Aurora?role=top,2026-10-01T19:04:14.950796+00:00
Azir,TOP,16.19,False,True,False,False,False,Nashor's Tooth > Riftmaker,Nashor's Tooth > Rabadon's Deathcap > Shadowflame,Nashor's Tooth > Riftmaker > Void Staff,matches_first_and_core,matches_reference,matches_reference,32 games; 59.4% observed wins,32 games; 59.4% observed wins,3 purchases; 100.0% observed wins; prefix cohort 12,3 purchases; 100.0% observed wins; prefix cohort 12,https://www.onetricks.gg/champions/builds/Azir?role=top,2026-10-01T19:04:20.809362+00:00
Azir,BOTTOM,16.19,False,True,False,False,False,Nashor's Tooth > Riftmaker,Nashor's Tooth > Rabadon's Deathcap > Void Staff,Nashor's Tooth > Riftmaker > Rabadon's Deathcap,matches_first_and_core,matches_reference,matches_reference,8 games; 75.0% observed wins,8 games; 75.0% observed wins,2 purchases; 100.0% observed wins; prefix cohort 3,2 purchases; 100.0% observed wins; prefix cohort 3,https://www.onetricks.gg/champions/builds/Azir?role=bot,2026-10-01T19:04:25.004806+00:00
Bard,UTILITY,16.19,True,False,True,False,False,Dead Man's Plate,Locket of the Iron Solari > Bandlepipes > Echoes of Helia,Locket of the Iron Solari > Bandlepipes > Echoes of Helia,remaining_difference,local_purchase_evidence_differs_from_reference; source_score=1.1567; selected_score=1.1596; source_context=0; selected_context=0; not_proven_superiority,no_second_reference,378 games; 48.9% observed wins,388 games; 47.2% observed wins,,16 purchases; 68.8% observed wins; prefix cohort 83,https://www.onetricks.gg/champions/builds/Bard,2026-10-01T18:28:18.742173+00:00
Blitzcrank,UTILITY,16.19,True,False,True,False,False,Mikael's Blessing,Locket of the Iron Solari > Winter's Approach > Protoplasm Harness,Locket of the Iron Solari > Winter's Approach > Protoplasm Harness,remaining_difference,excluded:absent_threat:cc,no_second_reference,66 games; 40.9% observed wins,441 games; 50.1% observed wins,,no observations; prefix cohort 92,https://www.onetricks.gg/champions/builds/Blitzcrank,2026-10-01T18:21:49.453296+00:00
Brand,TOP,16.19,True,True,False,False,False,Rylai's Crystal Scepter > Liandry's Torment,Blackfire Torch > Rylai's Crystal Scepter > Malignance,Rylai's Crystal Scepter > Liandry's Torment > Bloodletter's Curse,matches_first_and_core,matches_reference,matches_reference,5 games; 40.0% observed wins,5 games; 40.0% observed wins,4 purchases; 25.0% observed wins; prefix cohort 4,4 purchases; 25.0% observed wins; prefix cohort 4,https://www.onetricks.gg/champions/builds/Brand?role=top,2026-10-01T19:04:44.847300+00:00
Brand,JUNGLE,16.19,True,True,False,False,False,Liandry's Torment > Rylai's Crystal Scepter,Blackfire Torch > Liandry's Torment > Rylai's Crystal Scepter,Liandry's Torment > Rylai's Crystal Scepter > Shadowflame,matches_first_and_core,matches_reference,matches_reference,15 games; 40.0% observed wins,15 games; 40.0% observed wins,9 purchases; 55.6% observed wins; prefix cohort 10,9 purchases; 55.6% observed wins; prefix cohort 10,https://www.onetricks.gg/champions/builds/Brand?role=jungle,2026-10-01T19:04:51.466784+00:00
Brand,MIDDLE,16.19,True,True,False,False,False,Rylai's Crystal Scepter > Liandry's Torment,Blackfire Torch > Liandry's Torment > Rylai's Crystal Scepter,Rylai's Crystal Scepter > Liandry's Torment > Bloodletter's Curse,matches_first_and_core,matches_reference,matches_reference,13 games; 46.2% observed wins,13 games; 46.2% observed wins,4 purchases; 50.0% observed wins; prefix cohort 6,4 purchases; 50.0% observed wins; prefix cohort 6,https://www.onetricks.gg/champions/builds/Brand?role=mid,2026-10-01T19:04:51.781700+00:00
Briar,MIDDLE,16.19,True,True,False,False,False,Eclipse > Titanic Hydra,Titanic Hydra > Black Cleaver > Death's Dance,Eclipse > Titanic Hydra > Black Cleaver,matches_first_and_core,matches_reference,matches_reference,2 games; 50.0% observed wins,2 games; 50.0% observed wins,1 purchases; 100.0% observed wins; prefix cohort 2,1 purchases; 100.0% observed wins; prefix cohort 2,https://www.onetricks.gg/champions/builds/Briar?role=mid,2026-10-01T19:05:02.633824+00:00
Camille,UTILITY,16.19,True,False,True,False,False,Eclipse,Sundered Sky > Essence Reaver > Axiom Arc,Sundered Sky > Essence Reaver > Axiom Arc,remaining_difference,local_purchase_evidence_differs_from_reference; source_score=1.0693; selected_score=1.1361; source_context=0; selected_context=0; not_proven_superiority,no_second_reference,81 games; 49.4% observed wins,163 games; 52.1% observed wins,,no observations; prefix cohort 22,https://www.onetricks.gg/champions/builds/Camille?role=supp,2026-10-01T19:05:28.761454+00:00
Cassiopeia,TOP,16.19,True,True,False,False,False,Rod of Ages > Archangel's Staff,Archangel's Staff > Rylai's Crystal Scepter > Void Staff,Rod of Ages > Archangel's Staff > Rylai's Crystal Scepter,matches_first_and_core,matches_reference,matches_reference,98 games; 50.0% observed wins,98 games; 50.0% observed wins,51 purchases; 51.0% observed wins; prefix cohort 61,51 purchases; 51.0% observed wins; prefix cohort 61,https://www.onetricks.gg/champions/builds/Cassiopeia?role=top,2026-10-01T19:05:29.231730+00:00
Cassiopeia,BOTTOM,16.19,False,True,False,False,False,Blackfire Torch > Rylai's Crystal Scepter,Blackfire Torch > Liandry's Torment > Bloodletter's Curse,Blackfire Torch > Rylai's Crystal Scepter > Hextech Rocketbelt,matches_first_and_core,matches_reference,matches_reference,61 games; 49.2% observed wins,61 games; 49.2% observed wins,25 purchases; 52.0% observed wins; prefix cohort 38,25 purchases; 52.0% observed wins; prefix cohort 38,https://www.onetricks.gg/champions/builds/Cassiopeia?role=bot,2026-10-01T19:05:37.914448+00:00
Cassiopeia,UTILITY,16.19,True,False,False,False,False,Liandry's Torment,Rod of Ages > Knight's Vow > Malignance,Liandry's Torment > Bloodletter's Curse > Malignance,matches_first_and_core,matches_reference,no_second_reference,no observations,no observations,,no observations; prefix cohort 0,https://www.onetricks.gg/champions/builds/Cassiopeia?role=supp,2026-10-01T19:05:37.956552+00:00
Chogath,TOP,16.19,True,True,False,False,False,Hextech Rocketbelt > Riftmaker,Heartsteel > Unending Despair > Hollow Radiance,Hextech Rocketbelt > Riftmaker > Dead Man's Plate,matches_first_and_core,matches_reference,matches_reference,140 games; 44.3% observed wins,140 games; 44.3% observed wins,44 purchases; 50.0% observed wins; prefix cohort 73,44 purchases; 50.0% observed wins; prefix cohort 73,https://www.onetricks.gg/champions/builds/Chogath,2026-10-01T18:22:03.964075+00:00
Corki,MIDDLE,16.19,True,True,False,False,False,Trinity Force > Manamune,Essence Reaver > The Collector > Infinity Edge,Trinity Force > Manamune > Lord Dominik's Regards,matches_first_and_core,matches_reference,matches_reference,40 games; 35.0% observed wins,40 games; 35.0% observed wins,21 purchases; 47.6% observed wins; prefix cohort 21,21 purchases; 47.6% observed wins; prefix cohort 21,https://www.onetricks.gg/champions/builds/Corki?role=mid,2026-10-01T19:05:45.689145+00:00
Corki,BOTTOM,16.19,False,True,False,False,False,Essence Reaver > The Collector,Essence Reaver > Hexoptics C44 > Infinity Edge,Essence Reaver > The Collector > Infinity Edge,matches_first_and_core,matches_reference,matches_reference,179 games; 46.9% observed wins,179 games; 46.9% observed wins,46 purchases; 43.5% observed wins; prefix cohort 119,46 purchases; 43.5% observed wins; prefix cohort 119,https://www.onetricks.gg/champions/builds/Corki,2026-10-01T18:22:04.006150+00:00
Darius,JUNGLE,16.19,False,True,False,False,False,Youmuu's Ghostblade > Dead Man's Plate,Youmuu's Ghostblade > Titanic Hydra > Dead Man's Plate,Youmuu's Ghostblade > Dead Man's Plate > Death's Dance,matches_first_and_core,matches_reference,matches_reference,74 games; 50.0% observed wins,74 games; 50.0% observed wins,32 purchases; 62.5% observed wins; prefix cohort 51,32 purchases; 62.5% observed wins; prefix cohort 51,https://www.onetricks.gg/champions/builds/Darius?role=jungle,2026-10-01T19:05:44.260315+00:00
Diana,MIDDLE,16.19,True,True,False,False,False,Stormsurge > Shadowflame,Lich Bane > Shadowflame > Rabadon's Deathcap,Stormsurge > Shadowflame > Malignance,matches_first_and_core,matches_reference,matches_reference,61 games; 50.8% observed wins,61 games; 50.8% observed wins,28 purchases; 46.4% observed wins; prefix cohort 38,28 purchases; 46.4% observed wins; prefix cohort 38,https://www.onetricks.gg/champions/builds/Diana,2026-10-01T18:22:10.032894+00:00
DrMundo,TOP,16.19,True,True,True,True,False,Heartsteel > Spirit Visage,Warmog's Armor > Heartsteel > Titanic Hydra,Warmog's Armor > Heartsteel > Spirit Visage,remaining_difference,local_purchase_evidence_differs_from_reference; source_score=1.1411; selected_score=1.1914; source_context=0; selected_context=0; not_proven_superiority,different_prefix; second-purchase comparison is not like-for-like,174 games; 54.6% observed wins,252 games; 47.2% observed wins,12 purchases; 66.7% observed wins; prefix cohort 74,113 purchases; 55.8% observed wins; prefix cohort 116,https://www.onetricks.gg/champions/builds/DrMundo,2026-10-01T18:22:10.064982+00:00
DrMundo,MIDDLE,16.19,False,True,False,True,False,Heartsteel > Randuin's Omen,Heartsteel > Titanic Hydra > Spirit Visage,Heartsteel > Titanic Hydra > Spirit Visage,remaining_difference,matches_reference,excluded:absent_threat:crit,2 games; 50.0% observed wins,2 games; 50.0% observed wins,no observations; prefix cohort 1,1 purchases; 100.0% observed wins; prefix cohort 1,https://www.onetricks.gg/champions/builds/DrMundo?role=mid,2026-10-01T19:05:55.286448+00:00
Draven,JUNGLE,16.19,False,True,False,False,False,Youmuu's Ghostblade > The Collector,Youmuu's Ghostblade > Hexoptics C44 > Lord Dominik's Regards,Youmuu's Ghostblade > The Collector > Essence Reaver,matches_first_and_core,matches_reference,matches_reference,5 games; 20.0% observed wins,5 games; 20.0% observed wins,1 purchases; 0.0% observed wins; prefix cohort 3,1 purchases; 0.0% observed wins; prefix cohort 3,https://www.onetricks.gg/champions/builds/Draven?role=jungle,2026-10-01T19:05:55.529741+00:00
Elise,TOP,16.19,True,True,False,False,False,Lich Bane > Shadowflame,Hextech Rocketbelt > Dusk and Dawn > Nashor's Tooth,Lich Bane > Shadowflame > Mejai's Soulstealer,matches_first_and_core,matches_reference,matches_reference,6 games; 83.3% observed wins,6 games; 83.3% observed wins,3 purchases; 66.7% observed wins; prefix cohort 4,3 purchases; 66.7% observed wins; prefix cohort 4,https://www.onetricks.gg/champions/builds/Elise?role=top,2026-10-01T19:06:07.142739+00:00
Elise,UTILITY,16.19,True,False,False,False,False,Stormsurge,Hextech Rocketbelt > Rod of Ages > Protoplasm Harness,Stormsurge > Shadowflame > Rod of Ages,matches_first_and_core,matches_reference,no_second_reference,111 games; 47.7% observed wins,111 games; 47.7% observed wins,,9 purchases; 22.2% observed wins; prefix cohort 25,https://www.onetricks.gg/champions/builds/Elise?role=supp,2026-10-01T19:06:06.202527+00:00
Fiddlesticks,JUNGLE,16.19,True,True,False,False,False,Hextech Rocketbelt > Shadowflame,Malignance > Cryptbloom > Blackfire Torch,Hextech Rocketbelt > Shadowflame > Malignance,matches_first_and_core,matches_reference,matches_reference,148 games; 52.7% observed wins,148 games; 52.7% observed wins,23 purchases; 65.2% observed wins; prefix cohort 77,23 purchases; 65.2% observed wins; prefix cohort 77,https://www.onetricks.gg/champions/builds/Fiddlesticks,2026-10-01T18:22:25.641024+00:00
Fiddlesticks,UTILITY,16.19,True,False,False,False,False,Dead Man's Plate,Malignance > Cryptbloom > Blackfire Torch,Dead Man's Plate > Abyssal Mask > Malignance,matches_first_and_core,matches_reference,no_second_reference,8 games; 12.5% observed wins,8 games; 12.5% observed wins,,no observations; prefix cohort 0,https://www.onetricks.gg/champions/builds/Fiddlesticks?role=supp,2026-10-01T19:06:18.748725+00:00
Fizz,TOP,16.19,False,True,False,True,False,Lich Bane > Zhonya's Hourglass,Lich Bane > Shadowflame > Rabadon's Deathcap,Lich Bane > Shadowflame > Rabadon's Deathcap,remaining_difference,matches_reference,excluded:absent_threat:burst,28 games; 42.9% observed wins,28 games; 42.9% observed wins,5 purchases; 60.0% observed wins; prefix cohort 9,1 purchases; 100.0% observed wins; prefix cohort 9,https://www.onetricks.gg/champions/builds/Fizz?role=top,2026-10-01T19:06:23.603666+00:00
Fizz,MIDDLE,16.19,False,True,False,True,False,Lich Bane > Zhonya's Hourglass,Lich Bane > Shadowflame > Rabadon's Deathcap,Lich Bane > Mejai's Soulstealer > Malignance,remaining_difference,matches_reference,excluded:absent_threat:burst,272 games; 55.5% observed wins,272 games; 55.5% observed wins,101 purchases; 57.4% observed wins; prefix cohort 161,28 purchases; 75.0% observed wins; prefix cohort 161,https://www.onetricks.gg/champions/builds/Fizz,2026-10-01T18:22:31.807782+00:00
Fizz,BOTTOM,16.19,False,True,False,True,False,Lich Bane > Zhonya's Hourglass,Lich Bane > Shadowflame > Rabadon's Deathcap,Lich Bane > Shadowflame > Rabadon's Deathcap,remaining_difference,matches_reference,excluded:absent_threat:burst,9 games; 22.2% observed wins,9 games; 22.2% observed wins,2 purchases; 0.0% observed wins; prefix cohort 6,4 purchases; 25.0% observed wins; prefix cohort 6,https://www.onetricks.gg/champions/builds/Fizz?role=bot,2026-10-01T19:06:23.168515+00:00
Gangplank,BOTTOM,16.19,False,True,False,True,False,Essence Reaver > Mortal Reminder,Essence Reaver > Malignance > Blackfire Torch,Essence Reaver > Malignance > Blackfire Torch,remaining_difference,matches_reference,excluded:no_urgent_lane_healing,1 games; 0.0% observed wins,1 games; 0.0% observed wins,no observations; prefix cohort 1,no observations; prefix cohort 1,https://www.onetricks.gg/champions/builds/Gangplank?role=bot,2026-10-01T19:06:33.114746+00:00
Gragas,TOP,16.19,True,True,False,False,False,Lich Bane > Shadowflame,Hextech Rocketbelt > Lich Bane > Luden's Echo,Lich Bane > Shadowflame > Rabadon's Deathcap,matches_first_and_core,matches_reference,matches_reference,109 games; 52.3% observed wins,109 games; 52.3% observed wins,21 purchases; 38.1% observed wins; prefix cohort 45,21 purchases; 38.1% observed wins; prefix cohort 45,https://www.onetricks.gg/champions/builds/Gragas,2026-10-01T18:22:45.675679+00:00
Gragas,MIDDLE,16.19,True,True,False,False,False,Lich Bane > Shadowflame,Luden's Echo > Shadowflame > Rabadon's Deathcap,Lich Bane > Shadowflame > Stormsurge,matches_first_and_core,matches_reference,matches_reference,48 games; 47.9% observed wins,48 games; 47.9% observed wins,20 purchases; 50.0% observed wins; prefix cohort 27,20 purchases; 50.0% observed wins; prefix cohort 27,https://www.onetricks.gg/champions/builds/Gragas?role=mid,2026-10-01T19:06:38.221440+00:00
Gragas,UTILITY,16.19,True,False,False,False,False,Locket of the Iron Solari,Imperial Mandate > Hextech Rocketbelt > Winter's Approach,Locket of the Iron Solari > Bandlepipes > Winter's Approach,matches_first_and_core,matches_reference,no_second_reference,10 games; 50.0% observed wins,10 games; 50.0% observed wins,,1 purchases; 100.0% observed wins; prefix cohort 3,https://www.onetricks.gg/champions/builds/Gragas?role=supp,2026-10-01T19:06:45.556588+00:00
Graves,TOP,16.19,False,True,False,True,False,Essence Reaver > Mortal Reminder,Essence Reaver > Infinity Edge > Hexoptics C44,Essence Reaver > Infinity Edge > Hexoptics C44,remaining_difference,matches_reference,excluded:no_urgent_lane_healing,1 games; 0.0% observed wins,1 games; 0.0% observed wins,no observations; prefix cohort 0,no observations; prefix cohort 0,https://www.onetricks.gg/champions/builds/Graves?role=top,2026-10-01T19:06:45.782402+00:00
Gwen,MIDDLE,16.19,False,True,False,False,False,Dusk and Dawn > Shadowflame,Dusk and Dawn > Malignance > Rabadon's Deathcap,Dusk and Dawn > Shadowflame > Rabadon's Deathcap,matches_first_and_core,matches_reference,matches_reference,29 games; 58.6% observed wins,29 games; 58.6% observed wins,9 purchases; 77.8% observed wins; prefix cohort 15,9 purchases; 77.8% observed wins; prefix cohort 15,https://www.onetricks.gg/champions/builds/Gwen?role=mid,2026-10-01T19:06:51.138225+00:00
Hecarim,JUNGLE,16.19,True,True,False,False,False,Spear of Shojin > Death's Dance,Black Cleaver > Death's Dance > Endless Hunger,Spear of Shojin > Death's Dance > Endless Hunger,matches_first_and_core,matches_reference,matches_reference,482 games; 48.1% observed wins,482 games; 48.1% observed wins,164 purchases; 53.7% observed wins; prefix cohort 292,164 purchases; 53.7% observed wins; prefix cohort 292,https://www.onetricks.gg/champions/builds/Hecarim,2026-10-01T18:22:51.700649+00:00
Heimerdinger,MIDDLE,16.19,False,True,False,False,False,Blackfire Torch > Liandry's Torment,Blackfire Torch > Rabadon's Deathcap > Shadowflame,Blackfire Torch > Liandry's Torment > Rabadon's Deathcap,matches_first_and_core,matches_reference,matches_reference,7 games; 57.1% observed wins,7 games; 57.1% observed wins,no observations; prefix cohort 3,no observations; prefix cohort 3,https://www.onetricks.gg/champions/builds/Heimerdinger?role=mid,2026-10-01T19:06:56.717134+00:00
Illaoi,TOP,16.19,False,True,False,False,False,Black Cleaver > Sterak's Gage,Black Cleaver > Iceborn Gauntlet > Sterak's Gage,Black Cleaver > Sterak's Gage > Death's Dance,matches_first_and_core,matches_reference,matches_reference,71 games; 52.1% observed wins,71 games; 52.1% observed wins,9 purchases; 77.8% observed wins; prefix cohort 41,9 purchases; 77.8% observed wins; prefix cohort 41,https://www.onetricks.gg/champions/builds/Illaoi,2026-10-01T18:22:57.333374+00:00
Jayce,JUNGLE,16.19,True,True,False,False,False,Youmuu's Ghostblade > Voltaic Cyclosword,Bastionbreaker > Voltaic Cyclosword > Serylda's Grudge,Youmuu's Ghostblade > Voltaic Cyclosword > Serylda's Grudge,matches_first_and_core,matches_reference,matches_reference,97 games; 57.7% observed wins,97 games; 57.7% observed wins,65 purchases; 64.6% observed wins; prefix cohort 77,65 purchases; 64.6% observed wins; prefix cohort 77,https://www.onetricks.gg/champions/builds/Jayce?role=jungle,2026-10-01T19:07:27.235471+00:00
Jayce,MIDDLE,16.19,False,True,False,False,False,Youmuu's Ghostblade > Manamune,Youmuu's Ghostblade > Voltaic Cyclosword > Lord Dominik's Regards,Youmuu's Ghostblade > Manamune > Voltaic Cyclosword,matches_first_and_core,matches_reference,matches_reference,193 games; 47.7% observed wins,193 games; 47.7% observed wins,77 purchases; 48.1% observed wins; prefix cohort 134,77 purchases; 48.1% observed wins; prefix cohort 134,https://www.onetricks.gg/champions/builds/Jayce?role=mid,2026-10-01T19:07:27.191606+00:00
Jhin,UTILITY,16.19,True,False,True,False,False,Serpent's Fang,Axiom Arc > Essence Reaver > Infinity Edge,Axiom Arc > Essence Reaver > Infinity Edge,remaining_difference,excluded:absent_threat:shields,no_second_reference,2 games; 100.0% observed wins,2 games; 50.0% observed wins,,no observations; prefix cohort 0,https://www.onetricks.gg/champions/builds/Jhin?role=supp,2026-10-01T19:07:32.956154+00:00
KSante,TOP,16.19,False,True,False,False,False,"Iceborn Gauntlet > Jak'Sho, The Protean",Iceborn Gauntlet > Unending Despair > Spirit Visage,"Iceborn Gauntlet > Jak'Sho, The Protean > Spirit Visage",matches_first_and_core,matches_reference,matches_reference,567 games; 47.1% observed wins,567 games; 47.1% observed wins,70 purchases; 52.9% observed wins; prefix cohort 232,70 purchases; 52.9% observed wins; prefix cohort 232,https://www.onetricks.gg/champions/builds/KSante,2026-10-01T18:23:17.445814+00:00
KSante,MIDDLE,16.19,True,True,True,True,False,Kaenic Rookern > Iceborn Gauntlet,"Iceborn Gauntlet > Jak'Sho, The Protean > Force of Nature","Iceborn Gauntlet > Jak'Sho, The Protean > Force of Nature",remaining_difference,excluded:absent_threat:burst,different_prefix; second-purchase comparison is not like-for-like,8 games; 50.0% observed wins,5 games; 80.0% observed wins,1 purchases; 100.0% observed wins; prefix cohort 2,no observations; prefix cohort 2,https://www.onetricks.gg/champions/builds/KSante?role=mid,2026-10-01T19:07:40.241784+00:00
Karma,MIDDLE,16.19,False,True,False,False,False,Malignance > Shadowflame,Malignance > Moonstone Renewer > Dawncore,Malignance > Shadowflame > Bloodletter's Curse,matches_first_and_core,matches_reference,matches_reference,30 games; 36.7% observed wins,30 games; 36.7% observed wins,4 purchases; 25.0% observed wins; prefix cohort 15,4 purchases; 25.0% observed wins; prefix cohort 15,https://www.onetricks.gg/champions/builds/Karma?role=mid,2026-10-01T19:07:57.514619+00:00
Karthus,TOP,16.19,False,True,False,False,False,Blackfire Torch > Liandry's Torment,Blackfire Torch > Shadowflame > Stormsurge,Blackfire Torch > Liandry's Torment > Stormsurge,matches_first_and_core,matches_reference,matches_reference,26 games; 42.3% observed wins,26 games; 42.3% observed wins,8 purchases; 50.0% observed wins; prefix cohort 16,8 purchases; 50.0% observed wins; prefix cohort 16,https://www.onetricks.gg/champions/builds/Karthus?role=top,2026-10-01T19:07:57.274553+00:00
Katarina,TOP,16.19,True,True,False,False,False,Kraken Slayer > Terminus,Lich Bane > Shadowflame > Void Staff,Kraken Slayer > Terminus > Death's Dance,matches_first_and_core,matches_reference,matches_reference,15 games; 33.3% observed wins,15 games; 33.3% observed wins,7 purchases; 28.6% observed wins; prefix cohort 11,7 purchases; 28.6% observed wins; prefix cohort 11,https://www.onetricks.gg/champions/builds/Katarina?role=top,2026-10-01T19:08:03.432226+00:00
Katarina,JUNGLE,16.19,False,True,False,False,False,Kraken Slayer > Blade of The Ruined King,Kraken Slayer > Dusk and Dawn > Terminus,Kraken Slayer > Blade of The Ruined King > Terminus,matches_first_and_core,matches_reference,matches_reference,2 games; 50.0% observed wins,2 games; 50.0% observed wins,1 purchases; 100.0% observed wins; prefix cohort 2,1 purchases; 100.0% observed wins; prefix cohort 2,https://www.onetricks.gg/champions/builds/Katarina?role=jungle,2026-10-01T19:08:03.574883+00:00
Kindred,JUNGLE,16.19,True,True,True,True,False,Trinity Force > The Collector,Kraken Slayer > The Collector > Lord Dominik's Regards,Kraken Slayer > The Collector > Lord Dominik's Regards,remaining_difference,local_purchase_evidence_differs_from_reference; source_score=1.1205; selected_score=1.1250; source_context=0; selected_context=0; not_proven_superiority,different_prefix; second-purchase comparison is not like-for-like,107 games; 51.4% observed wins,111 games; 54.1% observed wins,37 purchases; 67.6% observed wins; prefix cohort 61,58 purchases; 65.5% observed wins; prefix cohort 67,https://www.onetricks.gg/champions/builds/Kindred,2026-10-01T18:23:40.874494+00:00
Kled,TOP,16.19,False,True,False,True,False,Titanic Hydra > Hullbreaker,Titanic Hydra > Black Cleaver > Hullbreaker,Titanic Hydra > Black Cleaver > Hullbreaker,remaining_difference,matches_reference,local_purchase_evidence_differs_from_reference; source_score=1.0722; selected_score=1.0812; source_context=0; selected_context=0; not_proven_superiority,213 games; 53.5% observed wins,213 games; 53.5% observed wins,47 purchases; 63.8% observed wins; prefix cohort 113,52 purchases; 57.7% observed wins; prefix cohort 113,https://www.onetricks.gg/champions/builds/Kled,2026-10-01T18:23:46.566501+00:00
Kled,BOTTOM,16.19,False,True,False,False,False,Titanic Hydra > Sterak's Gage,Titanic Hydra > Black Cleaver > Essence Reaver,Titanic Hydra > Sterak's Gage > Hullbreaker,matches_first_and_core,matches_reference,matches_reference,2 games; 50.0% observed wins,2 games; 50.0% observed wins,no observations; prefix cohort 1,no observations; prefix cohort 1,https://www.onetricks.gg/champions/builds/Kled?role=bot,2026-10-01T19:08:34.288831+00:00
KogMaw,BOTTOM,16.19,False,True,False,True,False,Guinsoo's Rageblade > Runaan's Hurricane,Guinsoo's Rageblade > Navori Flickerblade > Terminus,Guinsoo's Rageblade > Navori Flickerblade > Terminus,remaining_difference,matches_reference,excluded:outside_observed_pool,147 games; 44.2% observed wins,147 games; 44.2% observed wins,26 purchases; 46.2% observed wins; prefix cohort 107,41 purchases; 56.1% observed wins; prefix cohort 107,https://www.onetricks.gg/champions/builds/KogMaw,2026-10-01T18:23:46.579651+00:00
Leblanc,BOTTOM,16.19,True,True,False,False,False,Hextech Gunblade > Shadowflame,Luden's Echo > Cryptbloom > Cosmic Drive,Hextech Gunblade > Shadowflame > Malignance,matches_first_and_core,matches_reference,matches_reference,2 games; 100.0% observed wins,2 games; 100.0% observed wins,1 purchases; 100.0% observed wins; prefix cohort 1,1 purchases; 100.0% observed wins; prefix cohort 1,https://www.onetricks.gg/champions/builds/Leblanc?role=bot,2026-10-01T19:08:39.900202+00:00
Leblanc,UTILITY,16.19,True,False,False,False,False,Stormsurge,Luden's Echo > Stormsurge > Malignance,Stormsurge > Shadowflame > Malignance,matches_first_and_core,matches_reference,no_second_reference,75 games; 53.3% observed wins,75 games; 53.3% observed wins,,9 purchases; 44.4% observed wins; prefix cohort 24,https://www.onetricks.gg/champions/builds/Leblanc?role=supp,2026-10-01T19:08:39.429886+00:00
Lissandra,MIDDLE,16.19,True,True,False,False,False,Blackfire Torch > Hextech Rocketbelt,Malignance > Shadowflame > Rabadon's Deathcap,Blackfire Torch > Hextech Rocketbelt > Cryptbloom,matches_first_and_core,matches_reference,matches_reference,258 games; 51.6% observed wins,258 games; 51.6% observed wins,65 purchases; 61.5% observed wins; prefix cohort 114,65 purchases; 61.5% observed wins; prefix cohort 114,https://www.onetricks.gg/champions/builds/Lissandra,2026-10-01T18:24:00.507224+00:00
Lissandra,BOTTOM,16.19,True,True,False,True,False,Blackfire Torch > Banshee's Veil,Malignance > Hextech Rocketbelt > Liandry's Torment,Blackfire Torch > Malignance > Lich Bane,remaining_difference,matches_reference,excluded:insufficient_magic_threat_for_shield,4 games; 50.0% observed wins,4 games; 50.0% observed wins,no observations; prefix cohort 2,no observations; prefix cohort 2,https://www.onetricks.gg/champions/builds/Lissandra?role=bot,2026-10-01T19:15:46.224518+00:00
Lulu,TOP,16.19,True,True,False,False,False,Liandry's Torment > Rod of Ages,Rod of Ages > Hextech Rocketbelt > Mejai's Soulstealer,Liandry's Torment > Rod of Ages > Lich Bane,matches_first_and_core,matches_reference,matches_reference,no observations,no observations,no observations; prefix cohort 0,no observations; prefix cohort 0,https://www.onetricks.gg/champions/builds/Lulu?role=top,2026-10-01T19:15:51.636529+00:00
Lulu,MIDDLE,16.19,False,True,False,False,False,Rod of Ages > Imperial Mandate,Rod of Ages > Shurelya's Battlesong > Ardent Censer,Rod of Ages > Imperial Mandate > Lich Bane,matches_first_and_core,matches_reference,matches_reference,1 games; 0.0% observed wins,1 games; 0.0% observed wins,no observations; prefix cohort 0,no observations; prefix cohort 0,https://www.onetricks.gg/champions/builds/Lulu?role=mid,2026-10-01T19:15:58.416798+00:00
Lux,MIDDLE,16.19,True,True,True,True,False,Luden's Echo > Stormsurge,Malignance > Stormsurge > Void Staff,Malignance > Stormsurge > Shadowflame,remaining_difference,local_purchase_evidence_differs_from_reference; source_score=1.1004; selected_score=1.1121; source_context=0; selected_context=0; not_proven_superiority,different_prefix; second-purchase comparison is not like-for-like,81 games; 61.7% observed wins,90 games; 60.0% observed wins,29 purchases; 72.4% observed wins; prefix cohort 50,27 purchases; 66.7% observed wins; prefix cohort 54,https://www.onetricks.gg/champions/builds/Lux,2026-10-01T18:24:06.828373+00:00
Lux,BOTTOM,16.19,False,True,False,False,False,Malignance > Shadowflame,Malignance > Horizon Focus > Cryptbloom,Malignance > Shadowflame > Rabadon's Deathcap,matches_first_and_core,matches_reference,matches_reference,105 games; 61.0% observed wins,105 games; 61.0% observed wins,15 purchases; 60.0% observed wins; prefix cohort 71,15 purchases; 60.0% observed wins; prefix cohort 71,https://www.onetricks.gg/champions/builds/Lux?role=bot,2026-10-01T19:15:58.307514+00:00
Lux,UTILITY,16.19,False,False,True,False,True,Luden's Echo,Luden's Echo > Stormsurge > Malignance,Shurelya's Battlesong > Imperial Mandate > Malignance,remaining_difference,local_purchase_evidence_differs_from_reference; source_score=1.0843; selected_score=1.0878; source_context=0; selected_context=0; not_proven_superiority,no_second_reference,78 games; 41.0% observed wins,81 games; 45.7% observed wins,,5 purchases; 60.0% observed wins; prefix cohort 28,https://www.onetricks.gg/champions/builds/Lux?role=supp,2026-10-01T19:16:03.893269+00:00
Malphite,TOP,16.19,True,True,False,False,False,Sunfire Aegis > Thornmail,Malignance > Stormsurge > Shadowflame,"Sunfire Aegis > Thornmail > Jak'Sho, The Protean",matches_first_and_core,matches_reference,matches_reference,177 games; 54.8% observed wins,177 games; 54.8% observed wins,30 purchases; 63.3% observed wins; prefix cohort 75,30 purchases; 63.3% observed wins; prefix cohort 75,https://www.onetricks.gg/champions/builds/Malphite,2026-10-01T18:24:07.091654+00:00
Malzahar,MIDDLE,16.19,False,True,False,False,False,Blackfire Torch > Rylai's Crystal Scepter,Blackfire Torch > Liandry's Torment > Rylai's Crystal Scepter,Blackfire Torch > Rylai's Crystal Scepter > Liandry's Torment,matches_first_and_core,matches_reference,matches_reference,103 games; 46.6% observed wins,103 games; 46.6% observed wins,35 purchases; 62.9% observed wins; prefix cohort 64,35 purchases; 62.9% observed wins; prefix cohort 64,https://www.onetricks.gg/champions/builds/Malzahar,2026-10-01T18:24:13.204010+00:00
Maokai,TOP,16.19,True,True,False,False,False,Hollow Radiance > Winter's Approach,Heartsteel > Sunfire Aegis > Unending Despair,Hollow Radiance > Winter's Approach > Warmog's Armor,matches_first_and_core,matches_reference,matches_reference,5 games; 40.0% observed wins,5 games; 40.0% observed wins,no observations; prefix cohort 2,no observations; prefix cohort 2,https://www.onetricks.gg/champions/builds/Maokai?role=top,2026-10-01T19:16:09.440859+00:00
Maokai,UTILITY,16.19,True,False,True,False,False,Locket of the Iron Solari,Bandlepipes > Locket of the Iron Solari > Winter's Approach,Bandlepipes > Locket of the Iron Solari > Winter's Approach,remaining_difference,local_purchase_evidence_differs_from_reference; source_score=1.0711; selected_score=1.0841; source_context=0; selected_context=0; not_proven_superiority,no_second_reference,61 games; 52.5% observed wins,71 games; 54.9% observed wins,,5 purchases; 40.0% observed wins; prefix cohort 10,https://www.onetricks.gg/champions/builds/Maokai,2026-10-01T18:28:48.841522+00:00
MasterYi,TOP,16.19,True,True,False,False,False,Titanic Hydra > Blade of The Ruined King,Kraken Slayer > Blade of The Ruined King > Guinsoo's Rageblade,Titanic Hydra > Blade of The Ruined King > Terminus,matches_first_and_core,matches_reference,matches_reference,6 games; 33.3% observed wins,6 games; 33.3% observed wins,2 purchases; 100.0% observed wins; prefix cohort 3,2 purchases; 100.0% observed wins; prefix cohort 3,https://www.onetricks.gg/champions/builds/MasterYi?role=top,2026-10-01T19:16:15.319547+00:00
Mel,TOP,16.19,False,True,False,True,False,Blackfire Torch > Zhonya's Hourglass,Blackfire Torch > Cosmic Drive > Liandry's Torment,Blackfire Torch > Cosmic Drive > Liandry's Torment,remaining_difference,matches_reference,excluded:absent_threat:burst,1 games; 100.0% observed wins,1 games; 100.0% observed wins,no observations; prefix cohort 0,no observations; prefix cohort 0,https://www.onetricks.gg/champions/builds/Mel?role=top,2026-10-01T19:16:15.688162+00:00
MissFortune,BOTTOM,16.19,True,True,True,True,False,Hubris > The Collector,Bloodthirster > The Collector > Infinity Edge,Bloodthirster > The Collector > Infinity Edge,remaining_difference,local_purchase_evidence_differs_from_reference; source_score=1.1253; selected_score=1.1309; source_context=0; selected_context=0; not_proven_superiority,different_prefix; second-purchase comparison is not like-for-like,125 games; 48.0% observed wins,131 games; 46.6% observed wins,69 purchases; 50.7% observed wins; prefix cohort 95,58 purchases; 60.3% observed wins; prefix cohort 74,https://www.onetricks.gg/champions/builds/MissFortune,2026-10-01T18:24:19.145393+00:00
Mordekaiser,JUNGLE,16.19,True,True,False,False,False,Rylai's Crystal Scepter > Hextech Rocketbelt,Dusk and Dawn > Riftmaker > Dead Man's Plate,Rylai's Crystal Scepter > Hextech Rocketbelt > Riftmaker,matches_first_and_core,matches_reference,matches_reference,2 games; 50.0% observed wins,2 games; 50.0% observed wins,1 purchases; 100.0% observed wins; prefix cohort 2,1 purchases; 100.0% observed wins; prefix cohort 2,https://www.onetricks.gg/champions/builds/Mordekaiser?role=jungle,2026-10-01T19:09:08.798515+00:00
Morgana,JUNGLE,16.19,True,True,False,False,False,Liandry's Torment > Imperial Mandate,Blackfire Torch > Shadowflame > Stormsurge,Liandry's Torment > Imperial Mandate > Rylai's Crystal Scepter,matches_first_and_core,matches_reference,matches_reference,15 games; 40.0% observed wins,15 games; 40.0% observed wins,no observations; prefix cohort 7,no observations; prefix cohort 7,https://www.onetricks.gg/champions/builds/Morgana?role=jungle,2026-10-01T19:09:15.511695+00:00
Morgana,BOTTOM,16.19,False,True,False,True,False,Blackfire Torch > Zhonya's Hourglass,Blackfire Torch > Liandry's Torment > Rabadon's Deathcap,Blackfire Torch > Liandry's Torment > Rabadon's Deathcap,remaining_difference,matches_reference,excluded:absent_threat:burst,4 games; 50.0% observed wins,4 games; 50.0% observed wins,1 purchases; 100.0% observed wins; prefix cohort 2,1 purchases; 100.0% observed wins; prefix cohort 2,https://www.onetricks.gg/champions/builds/Morgana?role=bot,2026-10-01T19:09:15.194024+00:00
Nasus,TOP,16.19,False,True,False,False,False,Trinity Force > Frozen Heart,"Trinity Force > Protoplasm Harness > Jak'Sho, The Protean",Trinity Force > Frozen Heart > Protoplasm Harness,matches_first_and_core,matches_reference,matches_reference,212 games; 49.1% observed wins,212 games; 49.1% observed wins,46 purchases; 58.7% observed wins; prefix cohort 93,46 purchases; 58.7% observed wins; prefix cohort 93,https://www.onetricks.gg/champions/builds/Nasus,2026-10-01T18:24:32.848537+00:00
Nasus,JUNGLE,16.19,True,True,False,False,False,Iceborn Gauntlet > Spirit Visage,Trinity Force > Spirit Visage > Protoplasm Harness,Iceborn Gauntlet > Spirit Visage > Lord Dominik's Regards,matches_first_and_core,matches_reference,matches_reference,4 games; 75.0% observed wins,4 games; 75.0% observed wins,1 purchases; 100.0% observed wins; prefix cohort 2,1 purchases; 100.0% observed wins; prefix cohort 2,https://www.onetricks.gg/champions/builds/Nasus?role=jungle,2026-10-01T19:09:27.757267+00:00
Nasus,MIDDLE,16.19,False,True,False,False,False,Trinity Force > Frozen Heart,Trinity Force > Bandlepipes > Dead Man's Plate,Trinity Force > Frozen Heart > Spirit Visage,matches_first_and_core,matches_reference,matches_reference,172 games; 50.6% observed wins,172 games; 50.6% observed wins,20 purchases; 60.0% observed wins; prefix cohort 94,20 purchases; 60.0% observed wins; prefix cohort 94,https://www.onetricks.gg/champions/builds/Nasus?role=mid,2026-10-01T19:09:27.448403+00:00
Neeko,TOP,16.19,False,True,False,True,False,Hextech Rocketbelt > Zhonya's Hourglass,Hextech Rocketbelt > Cryptbloom > Malignance,Hextech Rocketbelt > Cryptbloom > Malignance,remaining_difference,matches_reference,excluded:absent_threat:burst,13 games; 76.9% observed wins,13 games; 76.9% observed wins,no observations; prefix cohort 8,1 purchases; 100.0% observed wins; prefix cohort 8,https://www.onetricks.gg/champions/builds/Neeko?role=top,2026-10-01T19:09:33.951365+00:00
Neeko,BOTTOM,16.19,False,True,False,False,False,Hextech Rocketbelt > Imperial Mandate,Hextech Rocketbelt > Shadowflame > Void Staff,Hextech Rocketbelt > Imperial Mandate > Stormsurge,matches_first_and_core,matches_reference,matches_reference,8 games; 50.0% observed wins,8 games; 50.0% observed wins,1 purchases; 100.0% observed wins; prefix cohort 3,1 purchases; 100.0% observed wins; prefix cohort 3,https://www.onetricks.gg/champions/builds/Neeko?role=bot,2026-10-01T19:09:40.411782+00:00
Nilah,TOP,16.19,True,True,False,False,False,Experimental Hexplate > Yun Tal Wildarrows,Immortal Shieldbow > Lord Dominik's Regards > Infinity Edge,Experimental Hexplate > Yun Tal Wildarrows > Infinity Edge,matches_first_and_core,matches_reference,matches_reference,no observations,no observations,no observations; prefix cohort 0,no observations; prefix cohort 0,https://www.onetricks.gg/champions/builds/Nilah?role=top,2026-10-01T19:09:40.403552+00:00
Nocturne,JUNGLE,16.19,True,True,True,True,False,Profane Hydra > Axiom Arc,Experimental Hexplate > Stridebreaker > Black Cleaver,Experimental Hexplate > Stridebreaker > Black Cleaver,remaining_difference,local_purchase_evidence_differs_from_reference; source_score=1.0347; selected_score=1.1484; source_context=0; selected_context=0; not_proven_superiority,different_prefix; second-purchase comparison is not like-for-like,31 games; 41.9% observed wins,113 games; 41.6% observed wins,15 purchases; 53.3% observed wins; prefix cohort 18,43 purchases; 51.2% observed wins; prefix cohort 59,https://www.onetricks.gg/champions/builds/Nocturne,2026-10-01T18:24:45.246426+00:00
Nocturne,MIDDLE,16.19,True,True,False,False,False,Stridebreaker > Axiom Arc,Axiom Arc > Voltaic Cyclosword > Serylda's Grudge,Stridebreaker > Axiom Arc > Voltaic Cyclosword,matches_first_and_core,matches_reference,matches_reference,2 games; 50.0% observed wins,2 games; 50.0% observed wins,no observations; prefix cohort 1,no observations; prefix cohort 1,https://www.onetricks.gg/champions/builds/Nocturne?role=mid,2026-10-01T19:09:45.793196+00:00
Nunu,TOP,16.19,True,True,False,False,False,Stormsurge > Hextech Rocketbelt,Hextech Rocketbelt > Warmog's Armor > Winter's Approach,Stormsurge > Hextech Rocketbelt > Warmog's Armor,matches_first_and_core,matches_reference,matches_reference,2 games; 50.0% observed wins,2 games; 50.0% observed wins,no observations; prefix cohort 0,no observations; prefix cohort 0,https://www.onetricks.gg/champions/builds/Nunu?role=top,2026-10-01T19:09:51.812871+00:00
Nunu,JUNGLE,16.19,False,True,False,False,False,Liandry's Torment > Dead Man's Plate,Liandry's Torment > Winter's Approach > Spirit Visage,Liandry's Torment > Dead Man's Plate > Abyssal Mask,matches_first_and_core,matches_reference,matches_reference,150 games; 56.7% observed wins,150 games; 56.7% observed wins,26 purchases; 69.2% observed wins; prefix cohort 89,26 purchases; 69.2% observed wins; prefix cohort 89,https://www.onetricks.gg/champions/builds/Nunu,2026-10-01T18:24:45.097731+00:00
Olaf,TOP,16.19,True,True,True,True,False,Ravenous Hydra > Death's Dance,Stridebreaker > Experimental Hexplate > Death's Dance,Stridebreaker > Experimental Hexplate > Death's Dance,remaining_difference,local_purchase_evidence_differs_from_reference; source_score=1.1009; selected_score=1.1929; source_context=0; selected_context=0; not_proven_superiority,different_prefix; second-purchase comparison is not like-for-like,144 games; 52.8% observed wins,317 games; 54.3% observed wins,35 purchases; 60.0% observed wins; prefix cohort 72,91 purchases; 64.8% observed wins; prefix cohort 153,https://www.onetricks.gg/champions/builds/Olaf,2026-10-01T18:24:51.594957+00:00
Ornn,TOP,16.19,False,True,False,True,False,Unending Despair > Kaenic Rookern,Unending Despair > Sunfire Aegis > Warmog's Armor,Unending Despair > Sunfire Aegis > Warmog's Armor,remaining_difference,matches_reference,excluded:absent_threat:burst,128 games; 48.4% observed wins,128 games; 48.4% observed wins,16 purchases; 56.2% observed wins; prefix cohort 34,5 purchases; 40.0% observed wins; prefix cohort 34,https://www.onetricks.gg/champions/builds/Ornn,2026-10-01T18:24:51.395992+00:00
Ornn,MIDDLE,16.19,True,True,True,True,False,Kaenic Rookern > Randuin's Omen,Hollow Radiance > Dead Man's Plate > Warmog's Armor,Hollow Radiance > Thornmail > Unending Despair,remaining_difference,excluded:absent_threat:burst,different_prefix; second-purchase comparison is not like-for-like,5 games; 40.0% observed wins,2 games; 0.0% observed wins,1 purchases; 0.0% observed wins; prefix cohort 1,no observations; prefix cohort 2,https://www.onetricks.gg/champions/builds/Ornn?role=mid,2026-10-01T19:10:05.858286+00:00
Pantheon,TOP,16.19,True,True,False,False,False,Bastionbreaker > Voltaic Cyclosword,Black Cleaver > Spear of Shojin > Death's Dance,Bastionbreaker > Voltaic Cyclosword > Lord Dominik's Regards,matches_first_and_core,matches_reference,matches_reference,103 games; 52.4% observed wins,103 games; 52.4% observed wins,44 purchases; 52.3% observed wins; prefix cohort 47,44 purchases; 52.3% observed wins; prefix cohort 47,https://www.onetricks.gg/champions/builds/Pantheon,2026-10-01T18:24:57.479656+00:00
Pantheon,UTILITY,16.19,True,False,True,False,False,Black Cleaver,Sundered Sky > Voltaic Cyclosword > Malignance,Sundered Sky > Voltaic Cyclosword > Malignance,remaining_difference,local_purchase_evidence_differs_from_reference; source_score=1.0318; selected_score=1.1004; source_context=0; selected_context=0; not_proven_superiority,no_second_reference,39 games; 46.2% observed wins,111 games; 48.6% observed wins,,12 purchases; 50.0% observed wins; prefix cohort 20,https://www.onetricks.gg/champions/builds/Pantheon?role=supp,2026-10-01T19:10:11.904648+00:00
Poppy,TOP,16.19,True,True,True,True,False,Sundered Sky > Winter's Approach,Sunfire Aegis > Winter's Approach > Spirit Visage,"Sunfire Aegis > Jak'Sho, The Protean > Thornmail",remaining_difference,excluded:outside_observed_pool,different_prefix; second-purchase comparison is not like-for-like,27 games; 33.3% observed wins,41 games; 53.7% observed wins,6 purchases; 66.7% observed wins; prefix cohort 7,1 purchases; 0.0% observed wins; prefix cohort 13,https://www.onetricks.gg/champions/builds/Poppy,2026-10-01T18:24:57.398148+00:00
Poppy,MIDDLE,16.19,False,True,False,False,False,"Hollow Radiance > Jak'Sho, The Protean",Hollow Radiance > Winter's Approach > Protoplasm Harness,"Hollow Radiance > Jak'Sho, The Protean > Essence Reaver",matches_first_and_core,matches_reference,matches_reference,no observations,no observations,no observations; prefix cohort 0,no observations; prefix cohort 0,https://www.onetricks.gg/champions/builds/Poppy?role=mid,2026-10-01T19:10:12.159583+00:00
Qiyana,JUNGLE,16.19,True,True,True,True,False,Voltaic Cyclosword > Bastionbreaker,Umbral Glaive > Bastionbreaker > Voltaic Cyclosword,Bastionbreaker > Voltaic Cyclosword > Serylda's Grudge,remaining_difference,local_purchase_evidence_differs_from_reference; source_score=1.1852; selected_score=1.1862; source_context=0; selected_context=0; not_proven_superiority,different_prefix; second-purchase comparison is not like-for-like,609 games; 54.0% observed wins,614 games; 50.2% observed wins,423 purchases; 59.8% observed wins; prefix cohort 468,423 purchases; 53.2% observed wins; prefix cohort 467,https://www.onetricks.gg/champions/builds/Qiyana,2026-10-01T18:25:05.243596+00:00
Quinn,TOP,16.19,False,True,False,True,False,Profane Hydra > Edge of Night,Profane Hydra > The Collector > Lord Dominik's Regards,Profane Hydra > The Collector > Lord Dominik's Regards,remaining_difference,matches_reference,excluded:absent_threat:cc,47 games; 63.8% observed wins,47 games; 63.8% observed wins,6 purchases; 83.3% observed wins; prefix cohort 17,6 purchases; 100.0% observed wins; prefix cohort 17,https://www.onetricks.gg/champions/builds/Quinn,2026-10-01T18:25:04.936078+00:00
Quinn,MIDDLE,16.19,False,True,False,True,False,Profane Hydra > Edge of Night,Profane Hydra > Stormrazor > Lord Dominik's Regards,Profane Hydra > Stormrazor > Lord Dominik's Regards,remaining_difference,matches_reference,excluded:absent_threat:cc,29 games; 41.4% observed wins,29 games; 41.4% observed wins,9 purchases; 33.3% observed wins; prefix cohort 14,3 purchases; 66.7% observed wins; prefix cohort 14,https://www.onetricks.gg/champions/builds/Quinn?role=mid,2026-10-01T19:10:24.205654+00:00
Quinn,BOTTOM,16.19,False,True,False,True,False,Profane Hydra > Mortal Reminder,Profane Hydra > Essence Reaver > Infinity Edge,Profane Hydra > Essence Reaver > Infinity Edge,remaining_difference,matches_reference,excluded:no_urgent_lane_healing,11 games; 54.5% observed wins,11 games; 54.5% observed wins,8 purchases; 37.5% observed wins; prefix cohort 9,no observations; prefix cohort 9,https://www.onetricks.gg/champions/builds/Quinn?role=bot,2026-10-01T19:10:24.978213+00:00
Quinn,UTILITY,16.19,False,True,False,True,False,The Collector > Serpent's Fang,The Collector > Essence Reaver > Infinity Edge,The Collector > Essence Reaver > Infinity Edge,remaining_difference,matches_reference,excluded:absent_threat:shields,6 games; 33.3% observed wins,6 games; 33.3% observed wins,no observations; prefix cohort 3,no observations; prefix cohort 3,https://www.onetricks.gg/champions/builds/Quinn?role=supp,2026-10-01T19:10:30.665517+00:00
Rammus,JUNGLE,16.19,False,True,False,False,False,Thornmail > Sunfire Aegis,"Thornmail > Hollow Radiance > Jak'Sho, The Protean","Thornmail > Sunfire Aegis > Jak'Sho, The Protean",matches_first_and_core,matches_reference,matches_reference,46 games; 47.8% observed wins,46 games; 47.8% observed wins,6 purchases; 50.0% observed wins; prefix cohort 22,6 purchases; 50.0% observed wins; prefix cohort 22,https://www.onetricks.gg/champions/builds/Rammus,2026-10-01T18:25:12.731603+00:00
Rell,UTILITY,16.19,True,False,True,False,False,Locket of the Iron Solari,Zeke's Convergence > Locket of the Iron Solari > Knight's Vow,Zeke's Convergence > Locket of the Iron Solari > Knight's Vow,remaining_difference,local_purchase_evidence_differs_from_reference; source_score=1.1678; selected_score=1.2200; source_context=0; selected_context=0; not_proven_superiority,no_second_reference,462 games; 52.4% observed wins,701 games; 52.9% observed wins,,70 purchases; 62.9% observed wins; prefix cohort 169,https://www.onetricks.gg/champions/builds/Rell,2026-10-01T18:29:14.223883+00:00
Renata,UTILITY,16.19,True,False,False,False,False,Locket of the Iron Solari,Shurelya's Battlesong > Locket of the Iron Solari > Echoes of Helia,Locket of the Iron Solari > Knight's Vow > Echoes of Helia,matches_first_and_core,matches_reference,no_second_reference,129 games; 51.2% observed wins,129 games; 51.2% observed wins,,18 purchases; 77.8% observed wins; prefix cohort 38,https://www.onetricks.gg/champions/builds/Renata,2026-10-01T18:29:37.172489+00:00
Renekton,TOP,16.19,True,True,False,False,False,Eclipse > Black Cleaver,Black Cleaver > Spear of Shojin > Death's Dance,Eclipse > Black Cleaver > Death's Dance,matches_first_and_core,matches_reference,matches_reference,339 games; 48.1% observed wins,339 games; 48.1% observed wins,98 purchases; 62.2% observed wins; prefix cohort 166,98 purchases; 62.2% observed wins; prefix cohort 166,https://www.onetricks.gg/champions/builds/Renekton,2026-10-01T18:25:20.847624+00:00
Rengar,TOP,16.19,False,True,False,True,False,Ravenous Hydra > Serpent's Fang,Ravenous Hydra > Voltaic Cyclosword > Essence Reaver,Ravenous Hydra > Voltaic Cyclosword > Essence Reaver,remaining_difference,matches_reference,excluded:absent_threat:shields,31 games; 51.6% observed wins,31 games; 51.6% observed wins,3 purchases; 66.7% observed wins; prefix cohort 13,2 purchases; 100.0% observed wins; prefix cohort 13,https://www.onetricks.gg/champions/builds/Rengar?role=top,2026-10-01T19:10:54.582624+00:00
Riven,MIDDLE,16.19,True,True,True,True,False,Axiom Arc > Endless Hunger,Umbral Glaive > Endless Hunger > Death's Dance,Umbral Glaive > Endless Hunger > Death's Dance,remaining_difference,excluded:outside_observed_pool,different_prefix; second-purchase comparison is not like-for-like,29 games; 44.8% observed wins,56 games; 60.7% observed wins,9 purchases; 66.7% observed wins; prefix cohort 17,15 purchases; 73.3% observed wins; prefix cohort 37,https://www.onetricks.gg/champions/builds/Riven?role=mid,2026-10-01T19:11:01.091191+00:00
Rumble,JUNGLE,16.19,True,True,False,False,False,Liandry's Torment > Bloodletter's Curse,Hextech Rocketbelt > Liandry's Torment > Shadowflame,Liandry's Torment > Bloodletter's Curse > Malignance,matches_first_and_core,matches_reference,matches_reference,11 games; 45.5% observed wins,11 games; 45.5% observed wins,3 purchases; 33.3% observed wins; prefix cohort 8,3 purchases; 33.3% observed wins; prefix cohort 8,https://www.onetricks.gg/champions/builds/Rumble?role=jungle,2026-10-01T19:11:01.077685+00:00
Sejuani,MIDDLE,16.19,False,True,False,False,False,Dusk and Dawn > Abyssal Mask,Dusk and Dawn > Heartsteel > Zeke's Convergence,Dusk and Dawn > Abyssal Mask > Knight's Vow,matches_first_and_core,matches_reference,matches_reference,7 games; 42.9% observed wins,7 games; 42.9% observed wins,1 purchases; 100.0% observed wins; prefix cohort 4,1 purchases; 100.0% observed wins; prefix cohort 4,https://www.onetricks.gg/champions/builds/Sejuani?role=mid,2026-10-01T19:11:14.175876+00:00
Seraphine,TOP,16.19,True,True,False,True,False,Imperial Mandate > Mikael's Blessing,Archangel's Staff > Shadowflame > Malignance,Imperial Mandate > Malignance > Lich Bane,remaining_difference,matches_reference,excluded:absent_threat:cc,2 games; 100.0% observed wins,2 games; 100.0% observed wins,no observations; prefix cohort 0,no observations; prefix cohort 0,https://www.onetricks.gg/champions/builds/Seraphine?role=top,2026-10-01T19:11:19.728832+00:00
Seraphine,MIDDLE,16.19,False,True,False,False,False,Blackfire Torch > Rylai's Crystal Scepter,Blackfire Torch > Lich Bane > Malignance,Blackfire Torch > Rylai's Crystal Scepter > Whispering Circlet,matches_first_and_core,matches_reference,matches_reference,6 games; 50.0% observed wins,6 games; 50.0% observed wins,1 purchases; 100.0% observed wins; prefix cohort 3,1 purchases; 100.0% observed wins; prefix cohort 3,https://www.onetricks.gg/champions/builds/Seraphine?role=mid,2026-10-01T19:11:25.212985+00:00
Shaco,TOP,16.19,False,True,False,False,False,Blackfire Torch > Imperial Mandate,Blackfire Torch > Liandry's Torment > Cryptbloom,Blackfire Torch > Imperial Mandate > Liandry's Torment,matches_first_and_core,matches_reference,matches_reference,6 games; 16.7% observed wins,6 games; 16.7% observed wins,no observations; prefix cohort 0,no observations; prefix cohort 0,https://www.onetricks.gg/champions/builds/Shaco?role=top,2026-10-01T19:11:30.911347+00:00
Shaco,UTILITY,16.19,True,False,False,False,False,Umbral Glaive,Blackfire Torch > Imperial Mandate > Malignance,Umbral Glaive > Bastionbreaker > Malignance,matches_first_and_core,matches_reference,no_second_reference,17 games; 47.1% observed wins,17 games; 47.1% observed wins,,2 purchases; 0.0% observed wins; prefix cohort 5,https://www.onetricks.gg/champions/builds/Shaco?role=supp,2026-10-01T19:11:31.617209+00:00
Shen,BOTTOM,16.19,False,True,False,False,False,Titanic Hydra > Dusk and Dawn,Titanic Hydra > Protoplasm Harness > Dead Man's Plate,Titanic Hydra > Dusk and Dawn > Dead Man's Plate,matches_first_and_core,matches_reference,matches_reference,6 games; 50.0% observed wins,6 games; 50.0% observed wins,1 purchases; 100.0% observed wins; prefix cohort 4,1 purchases; 100.0% observed wins; prefix cohort 4,https://www.onetricks.gg/champions/builds/Shen?role=bot,2026-10-01T19:11:39.591489+00:00
Shen,UTILITY,16.19,True,False,False,False,False,Locket of the Iron Solari,Protoplasm Harness > Locket of the Iron Solari > Warmog's Armor,Locket of the Iron Solari > Protoplasm Harness > Warmog's Armor,matches_first_and_core,matches_reference,no_second_reference,73 games; 49.3% observed wins,73 games; 49.3% observed wins,,10 purchases; 50.0% observed wins; prefix cohort 25,https://www.onetricks.gg/champions/builds/Shen?role=supp,2026-10-01T19:11:37.357206+00:00
Shyvana,TOP,16.19,False,True,False,False,False,Dusk and Dawn > Sterak's Gage,Dusk and Dawn > Death's Dance > Endless Hunger,Dusk and Dawn > Sterak's Gage > Spear of Shojin,matches_first_and_core,matches_reference,matches_reference,9 games; 22.2% observed wins,9 games; 22.2% observed wins,3 purchases; 33.3% observed wins; prefix cohort 4,3 purchases; 33.3% observed wins; prefix cohort 4,https://www.onetricks.gg/champions/builds/Shyvana?role=top,2026-10-01T19:11:37.674888+00:00
Singed,MIDDLE,16.19,True,True,False,False,False,Liandry's Torment > Rylai's Crystal Scepter,Hextech Rocketbelt > Rylai's Crystal Scepter > Protoplasm Harness,"Liandry's Torment > Rylai's Crystal Scepter > Jak'Sho, The Protean",matches_first_and_core,matches_reference,matches_reference,19 games; 57.9% observed wins,19 games; 57.9% observed wins,1 purchases; 100.0% observed wins; prefix cohort 7,1 purchases; 100.0% observed wins; prefix cohort 7,https://www.onetricks.gg/champions/builds/Singed?role=mid,2026-10-01T19:11:42.197240+00:00
Sion,TOP,16.19,True,True,False,False,False,Unending Despair > Spirit Visage,Heartsteel > Unending Despair > Titanic Hydra,Unending Despair > Spirit Visage > Thornmail,matches_first_and_core,matches_reference,matches_reference,91 games; 48.4% observed wins,91 games; 48.4% observed wins,9 purchases; 55.6% observed wins; prefix cohort 37,9 purchases; 55.6% observed wins; prefix cohort 37,https://www.onetricks.gg/champions/builds/Sion,2026-10-01T18:25:58.072099+00:00
Sion,JUNGLE,16.19,True,True,False,False,False,Axiom Arc > Youmuu's Ghostblade,Heartsteel > Hollow Radiance > Unending Despair,Axiom Arc > Youmuu's Ghostblade > Lord Dominik's Regards,matches_first_and_core,matches_reference,matches_reference,no observations,no observations,no observations; prefix cohort 0,no observations; prefix cohort 0,https://www.onetricks.gg/champions/builds/Sion?role=jungle,2026-10-01T19:11:42.613689+00:00
Skarner,UTILITY,16.19,True,False,False,False,False,Titanic Hydra,Heartsteel > Locket of the Iron Solari > Warmog's Armor,Titanic Hydra > Locket of the Iron Solari > Warmog's Armor,matches_first_and_core,matches_reference,no_second_reference,17 games; 29.4% observed wins,17 games; 29.4% observed wins,,no observations; prefix cohort 0,https://www.onetricks.gg/champions/builds/Skarner?role=supp,2026-10-01T19:11:53.930305+00:00
Smolder,MIDDLE,16.19,False,True,False,False,False,Essence Reaver > Rapid Firecannon,Essence Reaver > Spear of Shojin > Black Cleaver,Essence Reaver > Rapid Firecannon > Infinity Edge,matches_first_and_core,matches_reference,matches_reference,18 games; 50.0% observed wins,18 games; 50.0% observed wins,2 purchases; 50.0% observed wins; prefix cohort 8,2 purchases; 50.0% observed wins; prefix cohort 8,https://www.onetricks.gg/champions/builds/Smolder?role=mid,2026-10-01T19:11:59.107514+00:00
Smolder,BOTTOM,16.19,False,True,False,False,False,Essence Reaver > Black Cleaver,Essence Reaver > Infinity Edge > Lord Dominik's Regards,Essence Reaver > Black Cleaver > Spear of Shojin,matches_first_and_core,matches_reference,matches_reference,76 games; 42.1% observed wins,76 games; 42.1% observed wins,13 purchases; 46.2% observed wins; prefix cohort 51,13 purchases; 46.2% observed wins; prefix cohort 51,https://www.onetricks.gg/champions/builds/Smolder,2026-10-01T18:26:05.014955+00:00
Swain,TOP,16.19,False,True,False,False,False,Rylai's Crystal Scepter > Liandry's Torment,Rylai's Crystal Scepter > Winter's Approach > Force of Nature,Rylai's Crystal Scepter > Liandry's Torment > Bloodletter's Curse,matches_first_and_core,matches_reference,matches_reference,15 games; 26.7% observed wins,15 games; 26.7% observed wins,1 purchases; 100.0% observed wins; prefix cohort 7,1 purchases; 100.0% observed wins; prefix cohort 7,https://www.onetricks.gg/champions/builds/Swain?role=top,2026-10-01T19:12:04.519862+00:00
Swain,JUNGLE,16.19,False,True,False,True,False,Blackfire Torch > Zhonya's Hourglass,Blackfire Torch > Cosmic Drive > Dusk and Dawn,Blackfire Torch > Cosmic Drive > Dusk and Dawn,remaining_difference,matches_reference,excluded:absent_threat:burst,no observations,no observations,no observations; prefix cohort 0,no observations; prefix cohort 0,https://www.onetricks.gg/champions/builds/Swain?role=jungle,2026-10-01T19:12:14.153879+00:00
Syndra,MIDDLE,16.19,False,False,False,True,True,Blackfire Torch > Cosmic Drive,Blackfire Torch > Cosmic Drive > Rabadon's Deathcap,Blackfire Torch > Hextech Rocketbelt > Rabadon's Deathcap,remaining_difference,matches_reference,local_purchase_evidence_differs_from_reference; source_score=1.1133; selected_score=1.1374; source_context=0; selected_context=0; not_proven_superiority,765 games; 49.5% observed wins,765 games; 49.5% observed wins,137 purchases; 55.5% observed wins; prefix cohort 437,170 purchases; 54.7% observed wins; prefix cohort 437,https://www.onetricks.gg/champions/builds/Syndra,2026-10-01T18:26:11.261677+00:00
TahmKench,MIDDLE,16.19,False,True,False,True,False,Heartsteel > Randuin's Omen,"Heartsteel > Spirit Visage > Jak'Sho, The Protean",Heartsteel > Dead Man's Plate > Spirit Visage,remaining_difference,matches_reference,excluded:absent_threat:crit,1 games; 100.0% observed wins,1 games; 100.0% observed wins,no observations; prefix cohort 0,no observations; prefix cohort 0,https://www.onetricks.gg/champions/builds/TahmKench?role=mid,2026-10-01T19:12:26.957517+00:00
Taliyah,BOTTOM,16.19,False,True,False,False,False,Blackfire Torch > Rylai's Crystal Scepter,Blackfire Torch > Hextech Rocketbelt > Cryptbloom,Blackfire Torch > Rylai's Crystal Scepter > Cryptbloom,matches_first_and_core,matches_reference,matches_reference,41 games; 48.8% observed wins,41 games; 48.8% observed wins,5 purchases; 60.0% observed wins; prefix cohort 28,5 purchases; 60.0% observed wins; prefix cohort 28,https://www.onetricks.gg/champions/builds/Taliyah?role=bot,2026-10-01T19:12:27.231075+00:00
Talon,TOP,16.19,True,True,False,False,False,Eclipse > Black Cleaver,Umbral Glaive > Bastionbreaker > Youmuu's Ghostblade,Eclipse > Black Cleaver > Essence Reaver,matches_first_and_core,matches_reference,matches_reference,4 games; 25.0% observed wins,4 games; 25.0% observed wins,no observations; prefix cohort 0,no observations; prefix cohort 0,https://www.onetricks.gg/champions/builds/Talon?role=top,2026-10-01T19:12:34.887886+00:00
Taric,JUNGLE,16.19,False,True,False,False,False,Rod of Ages > Dead Man's Plate,"Rod of Ages > Bandlepipes > Jak'Sho, The Protean",Rod of Ages > Dead Man's Plate > Bandlepipes,matches_first_and_core,matches_reference,matches_reference,48 games; 37.5% observed wins,48 games; 37.5% observed wins,7 purchases; 57.1% observed wins; prefix cohort 31,7 purchases; 57.1% observed wins; prefix cohort 31,https://www.onetricks.gg/champions/builds/Taric?role=jungle,2026-10-01T19:12:41.132808+00:00
Teemo,MIDDLE,16.19,False,True,False,False,False,Statikk Shiv > Riftmaker,Statikk Shiv > Malignance > Hextech Gunblade,Statikk Shiv > Riftmaker > Essence Reaver,matches_first_and_core,matches_reference,matches_reference,3 games; 33.3% observed wins,3 games; 33.3% observed wins,no observations; prefix cohort 2,no observations; prefix cohort 2,https://www.onetricks.gg/champions/builds/Teemo?role=mid,2026-10-01T19:12:41.385731+00:00
Trundle,TOP,16.19,False,True,False,False,False,Ravenous Hydra > Blade of The Ruined King,Ravenous Hydra > Trinity Force > Hullbreaker,Ravenous Hydra > Blade of The Ruined King > Hullbreaker,matches_first_and_core,matches_reference,matches_reference,122 games; 48.4% observed wins,122 games; 48.4% observed wins,22 purchases; 45.5% observed wins; prefix cohort 65,22 purchases; 45.5% observed wins; prefix cohort 65,https://www.onetricks.gg/champions/builds/Trundle,2026-10-01T18:26:34.594863+00:00
Trundle,JUNGLE,16.19,False,True,False,False,False,Trinity Force > Dead Man's Plate,Trinity Force > Titanic Hydra > Blade of The Ruined King,Trinity Force > Dead Man's Plate > Spirit Visage,matches_first_and_core,matches_reference,matches_reference,77 games; 42.9% observed wins,77 games; 42.9% observed wins,25 purchases; 56.0% observed wins; prefix cohort 38,25 purchases; 56.0% observed wins; prefix cohort 38,https://www.onetricks.gg/champions/builds/Trundle?role=jungle,2026-10-01T19:12:53.997383+00:00
Tryndamere,JUNGLE,16.19,False,True,False,True,False,Ravenous Hydra > Mortal Reminder,Ravenous Hydra > Phantom Dancer > Infinity Edge,Ravenous Hydra > Navori Flickerblade > Lord Dominik's Regards,remaining_difference,matches_reference,excluded:no_urgent_lane_healing,3 games; 66.7% observed wins,3 games; 66.7% observed wins,no observations; prefix cohort 2,no observations; prefix cohort 2,https://www.onetricks.gg/champions/builds/Tryndamere?role=jungle,2026-10-01T19:12:58.970639+00:00
TwistedFate,TOP,16.19,True,True,True,True,False,Rod of Ages > Lich Bane,Kraken Slayer > Yun Tal Wildarrows > Lord Dominik's Regards,Kraken Slayer > Yun Tal Wildarrows > Rapid Firecannon,remaining_difference,excluded:outside_observed_pool,different_prefix; second-purchase comparison is not like-for-like,11 games; 45.5% observed wins,60 games; 46.7% observed wins,5 purchases; 20.0% observed wins; prefix cohort 8,13 purchases; 61.5% observed wins; prefix cohort 34,https://www.onetricks.gg/champions/builds/TwistedFate?role=top,2026-10-01T19:12:59.176423+00:00
Twitch,BOTTOM,16.19,True,True,False,False,False,The Collector > Fiendhunter Bolts,Yun Tal Wildarrows > Infinity Edge > Runaan's Hurricane,The Collector > Fiendhunter Bolts > Infinity Edge,matches_first_and_core,matches_reference,matches_reference,141 games; 54.6% observed wins,141 games; 54.6% observed wins,60 purchases; 55.0% observed wins; prefix cohort 91,60 purchases; 55.0% observed wins; prefix cohort 91,https://www.onetricks.gg/champions/builds/Twitch,2026-10-01T18:26:42.400161+00:00
Udyr,JUNGLE,16.19,False,True,False,False,False,Spear of Shojin > Death's Dance,Spear of Shojin > Experimental Hexplate > Death's Dance,Spear of Shojin > Death's Dance > Maw of Malmortius,matches_first_and_core,matches_reference,matches_reference,96 games; 51.0% observed wins,96 games; 51.0% observed wins,24 purchases; 66.7% observed wins; prefix cohort 60,24 purchases; 66.7% observed wins; prefix cohort 60,https://www.onetricks.gg/champions/builds/Udyr,2026-10-01T18:26:42.450632+00:00
Udyr,MIDDLE,16.19,True,True,False,False,False,Riftmaker > Winter's Approach,Dusk and Dawn > Spirit Visage > Warmog's Armor,Riftmaker > Winter's Approach > Frozen Heart,matches_first_and_core,matches_reference,matches_reference,no observations,no observations,no observations; prefix cohort 0,no observations; prefix cohort 0,https://www.onetricks.gg/champions/builds/Udyr?role=mid,2026-10-01T19:13:13.122241+00:00
Udyr,UTILITY,16.19,True,False,True,False,False,Randuin's Omen,Bandlepipes > Locket of the Iron Solari > Warmog's Armor,Bandlepipes > Locket of the Iron Solari > Warmog's Armor,remaining_difference,excluded:absent_threat:crit,no_second_reference,no observations,2 games; 50.0% observed wins,,no observations; prefix cohort 0,https://www.onetricks.gg/champions/builds/Udyr?role=supp,2026-10-01T19:13:13.232186+00:00
Varus,MIDDLE,16.19,False,True,False,True,False,Nashor's Tooth > Zhonya's Hourglass,Nashor's Tooth > Stormsurge > Essence Reaver,Nashor's Tooth > Stormsurge > Essence Reaver,remaining_difference,matches_reference,excluded:absent_threat:burst,2 games; 50.0% observed wins,2 games; 50.0% observed wins,1 purchases; 100.0% observed wins; prefix cohort 2,1 purchases; 0.0% observed wins; prefix cohort 2,https://www.onetricks.gg/champions/builds/Varus?role=mid,2026-10-01T19:13:19.851275+00:00
Vayne,JUNGLE,16.19,False,True,False,False,False,Kraken Slayer > Guinsoo's Rageblade,Kraken Slayer > Stormrazor > Lord Dominik's Regards,Kraken Slayer > Guinsoo's Rageblade > Terminus,matches_first_and_core,matches_reference,matches_reference,10 games; 50.0% observed wins,10 games; 50.0% observed wins,4 purchases; 50.0% observed wins; prefix cohort 6,4 purchases; 50.0% observed wins; prefix cohort 6,https://www.onetricks.gg/champions/builds/Vayne?role=jungle,2026-10-01T19:13:25.804515+00:00
Vayne,MIDDLE,16.19,True,True,False,False,False,Experimental Hexplate > Essence Reaver,Essence Reaver > The Collector > Lord Dominik's Regards,Experimental Hexplate > Essence Reaver > Stormrazor,matches_first_and_core,matches_reference,matches_reference,13 games; 53.8% observed wins,13 games; 53.8% observed wins,6 purchases; 50.0% observed wins; prefix cohort 7,6 purchases; 50.0% observed wins; prefix cohort 7,https://www.onetricks.gg/champions/builds/Vayne?role=mid,2026-10-01T19:13:26.423798+00:00
Vayne,BOTTOM,16.19,True,True,False,False,False,Kraken Slayer > Guinsoo's Rageblade,Essence Reaver > Experimental Hexplate > Voltaic Cyclosword,Kraken Slayer > Guinsoo's Rageblade > Terminus,matches_first_and_core,matches_reference,matches_reference,21 games; 42.9% observed wins,21 games; 42.9% observed wins,14 purchases; 42.9% observed wins; prefix cohort 17,14 purchases; 42.9% observed wins; prefix cohort 17,https://www.onetricks.gg/champions/builds/Vayne,2026-10-01T18:26:48.642294+00:00
Veigar,TOP,16.19,False,True,False,False,False,Rod of Ages > Shurelya's Battlesong,Rod of Ages > Archangel's Staff > Cryptbloom,Rod of Ages > Shurelya's Battlesong > Cryptbloom,matches_first_and_core,matches_reference,matches_reference,11 games; 54.5% observed wins,11 games; 54.5% observed wins,2 purchases; 0.0% observed wins; prefix cohort 6,2 purchases; 0.0% observed wins; prefix cohort 6,https://www.onetricks.gg/champions/builds/Veigar?role=top,2026-10-01T19:13:26.103655+00:00
Veigar,MIDDLE,16.19,True,True,False,False,False,Rod of Ages > Rabadon's Deathcap,Luden's Echo > Void Staff > Rabadon's Deathcap,Rod of Ages > Rabadon's Deathcap > Archangel's Staff,matches_first_and_core,matches_reference,matches_reference,83 games; 44.6% observed wins,83 games; 44.6% observed wins,15 purchases; 46.7% observed wins; prefix cohort 54,15 purchases; 46.7% observed wins; prefix cohort 54,https://www.onetricks.gg/champions/builds/Veigar,2026-10-01T18:26:55.793607+00:00
Veigar,UTILITY,16.19,True,False,False,False,False,Locket of the Iron Solari,Shurelya's Battlesong > Locket of the Iron Solari > Malignance,Locket of the Iron Solari > Shurelya's Battlesong > Malignance,matches_first_and_core,matches_reference,no_second_reference,7 games; 42.9% observed wins,7 games; 42.9% observed wins,,1 purchases; 0.0% observed wins; prefix cohort 1,https://www.onetricks.gg/champions/builds/Veigar?role=supp,2026-10-01T19:13:33.816679+00:00
Velkoz,TOP,16.19,False,True,False,True,False,Blackfire Torch > Zhonya's Hourglass,Blackfire Torch > Horizon Focus > Liandry's Torment,Blackfire Torch > Cosmic Drive > Stormsurge,remaining_difference,matches_reference,excluded:absent_threat:burst,10 games; 90.0% observed wins,10 games; 90.0% observed wins,no observations; prefix cohort 4,2 purchases; 100.0% observed wins; prefix cohort 4,https://www.onetricks.gg/champions/builds/Velkoz?role=top,2026-10-01T19:13:33.980872+00:00
Velkoz,UTILITY,16.19,True,False,True,False,False,Shurelya's Battlesong,Luden's Echo > Horizon Focus > Malignance,Luden's Echo > Horizon Focus > Malignance,remaining_difference,local_purchase_evidence_differs_from_reference; source_score=1.0553; selected_score=1.0712; source_context=0; selected_context=0; not_proven_superiority,no_second_reference,42 games; 42.9% observed wins,52 games; 42.3% observed wins,,6 purchases; 50.0% observed wins; prefix cohort 14,https://www.onetricks.gg/champions/builds/Velkoz?role=supp,2026-10-01T19:13:43.173396+00:00
Viego,TOP,16.19,False,True,False,False,False,Kraken Slayer > Titanic Hydra,Kraken Slayer > Immortal Shieldbow > Lord Dominik's Regards,Kraken Slayer > Titanic Hydra > Terminus,matches_first_and_core,matches_reference,matches_reference,20 games; 45.0% observed wins,20 games; 45.0% observed wins,5 purchases; 60.0% observed wins; prefix cohort 11,5 purchases; 60.0% observed wins; prefix cohort 11,https://www.onetricks.gg/champions/builds/Viego?role=top,2026-10-01T19:13:48.859968+00:00
Viktor,TOP,16.19,False,True,False,False,False,Blackfire Torch > Liandry's Torment,Blackfire Torch > Hextech Rocketbelt > Void Staff,Blackfire Torch > Liandry's Torment > Cryptbloom,matches_first_and_core,matches_reference,matches_reference,49 games; 40.8% observed wins,49 games; 40.8% observed wins,5 purchases; 20.0% observed wins; prefix cohort 16,5 purchases; 20.0% observed wins; prefix cohort 16,https://www.onetricks.gg/champions/builds/Viktor?role=top,2026-10-01T19:13:56.205634+00:00
Viktor,MIDDLE,16.19,False,True,False,True,False,Blackfire Torch > Liandry's Torment,Blackfire Torch > Lich Bane > Rabadon's Deathcap,Blackfire Torch > Hextech Rocketbelt > Rabadon's Deathcap,remaining_difference,matches_reference,local_purchase_evidence_differs_from_reference; source_score=1.0582; selected_score=1.1325; source_context=0; selected_context=0; not_proven_superiority,883 games; 47.8% observed wins,883 games; 47.8% observed wins,72 purchases; 47.2% observed wins; prefix cohort 456,167 purchases; 56.3% observed wins; prefix cohort 456,https://www.onetricks.gg/champions/builds/Viktor,2026-10-01T18:27:02.141785+00:00
Viktor,BOTTOM,16.19,False,True,False,False,False,Blackfire Torch > Hextech Rocketbelt,Blackfire Torch > Lich Bane > Void Staff,Blackfire Torch > Hextech Rocketbelt > Rabadon's Deathcap,matches_first_and_core,matches_reference,matches_reference,526 games; 53.0% observed wins,526 games; 53.0% observed wins,174 purchases; 58.6% observed wins; prefix cohort 334,174 purchases; 58.6% observed wins; prefix cohort 334,https://www.onetricks.gg/champions/builds/Viktor?role=bot,2026-10-01T19:13:55.883874+00:00
Vladimir,TOP,16.19,True,True,False,False,False,Stormsurge > Liandry's Torment,Cosmic Drive > Riftmaker > Rabadon's Deathcap,Stormsurge > Liandry's Torment > Void Staff,matches_first_and_core,matches_reference,matches_reference,65 games; 56.9% observed wins,65 games; 56.9% observed wins,6 purchases; 83.3% observed wins; prefix cohort 26,6 purchases; 83.3% observed wins; prefix cohort 26,https://www.onetricks.gg/champions/builds/Vladimir?role=top,2026-10-01T19:13:55.655940+00:00
Volibear,TOP,16.19,False,True,True,True,False,Dusk and Dawn > Navori Flickerblade,Dusk and Dawn > Hullbreaker > Death's Dance,Hextech Gunblade > Statikk Shiv > Terminus,remaining_difference,local_purchase_evidence_differs_from_reference; source_score=1.0467; selected_score=1.0512; source_context=0; selected_context=0; not_proven_superiority,different_prefix; second-purchase comparison is not like-for-like,38 games; 34.2% observed wins,41 games; 51.2% observed wins,9 purchases; 55.6% observed wins; prefix cohort 22,12 purchases; 91.7% observed wins; prefix cohort 17,https://www.onetricks.gg/champions/builds/Volibear,2026-10-01T18:27:08.159689+00:00
Volibear,JUNGLE,16.19,False,True,False,False,False,Dusk and Dawn > Navori Flickerblade,Dusk and Dawn > Black Cleaver > Spirit Visage,Dusk and Dawn > Navori Flickerblade > Spirit Visage,matches_first_and_core,matches_reference,matches_reference,32 games; 46.9% observed wins,32 games; 46.9% observed wins,9 purchases; 55.6% observed wins; prefix cohort 18,9 purchases; 55.6% observed wins; prefix cohort 18,https://www.onetricks.gg/champions/builds/Volibear?role=jungle,2026-10-01T19:14:00.686477+00:00
Warwick,TOP,16.19,True,True,False,False,False,Blade of The Ruined King > Death's Dance,Stridebreaker > Experimental Hexplate > Sterak's Gage,Blade of The Ruined King > Death's Dance > Maw of Malmortius,matches_first_and_core,matches_reference,matches_reference,69 games; 50.7% observed wins,69 games; 50.7% observed wins,9 purchases; 55.6% observed wins; prefix cohort 26,9 purchases; 55.6% observed wins; prefix cohort 26,https://www.onetricks.gg/champions/builds/Warwick,2026-10-01T18:27:07.962784+00:00
Warwick,JUNGLE,16.19,True,True,False,False,False,Blade of The Ruined King > Terminus,Stridebreaker > Experimental Hexplate > Death's Dance,Blade of The Ruined King > Terminus > Frozen Heart,matches_first_and_core,matches_reference,matches_reference,25 games; 56.0% observed wins,25 games; 56.0% observed wins,5 purchases; 80.0% observed wins; prefix cohort 13,5 purchases; 80.0% observed wins; prefix cohort 13,https://www.onetricks.gg/champions/builds/Warwick?role=jungle,2026-10-01T19:14:08.985939+00:00
MonkeyKing,MIDDLE,16.19,True,True,False,False,False,Profane Hydra > Trinity Force,Trinity Force > Black Cleaver > Death's Dance,Profane Hydra > Trinity Force > Sterak's Gage,matches_first_and_core,matches_reference,matches_reference,2 games; 100.0% observed wins,2 games; 100.0% observed wins,no observations; prefix cohort 1,no observations; prefix cohort 1,https://www.onetricks.gg/champions/builds/MonkeyKing?role=mid,2026-10-01T19:09:08.883323+00:00
MonkeyKing,BOTTOM,16.19,True,True,False,False,False,Eclipse > Trinity Force,Trinity Force > Sundered Sky > Black Cleaver,Eclipse > Trinity Force > Black Cleaver,matches_first_and_core,matches_reference,matches_reference,1 games; 0.0% observed wins,1 games; 0.0% observed wins,no observations; prefix cohort 0,no observations; prefix cohort 0,https://www.onetricks.gg/champions/builds/MonkeyKing?role=bot,2026-10-01T19:09:08.589278+00:00
Xayah,TOP,16.19,False,True,False,False,False,Stormrazor > Navori Flickerblade,Stormrazor > Infinity Edge > Navori Flickerblade,Stormrazor > Navori Flickerblade > Infinity Edge,matches_first_and_core,matches_reference,matches_reference,2 games; 0.0% observed wins,2 games; 0.0% observed wins,1 purchases; 0.0% observed wins; prefix cohort 1,1 purchases; 0.0% observed wins; prefix cohort 1,https://www.onetricks.gg/champions/builds/Xayah?role=top,2026-10-01T19:14:09.729078+00:00
Xayah,MIDDLE,16.19,True,True,False,False,False,Yun Tal Wildarrows > Navori Flickerblade,Hexoptics C44 > Navori Flickerblade > Infinity Edge,Yun Tal Wildarrows > Navori Flickerblade > Infinity Edge,matches_first_and_core,matches_reference,matches_reference,1 games; 0.0% observed wins,1 games; 0.0% observed wins,1 purchases; 0.0% observed wins; prefix cohort 1,1 purchases; 0.0% observed wins; prefix cohort 1,https://www.onetricks.gg/champions/builds/Xayah?role=mid,2026-10-01T19:14:15.048262+00:00
Xayah,BOTTOM,16.19,False,False,False,True,True,Yun Tal Wildarrows > Infinity Edge,Yun Tal Wildarrows > Infinity Edge > Navori Flickerblade,Yun Tal Wildarrows > Navori Flickerblade > Infinity Edge,remaining_difference,matches_reference,local_purchase_evidence_differs_from_reference; source_score=1.1018; selected_score=1.1180; source_context=0; selected_context=0; not_proven_superiority,299 games; 51.5% observed wins,299 games; 51.5% observed wins,84 purchases; 60.7% observed wins; prefix cohort 207,97 purchases; 47.4% observed wins; prefix cohort 207,https://www.onetricks.gg/champions/builds/Xayah,2026-10-01T18:27:13.417660+00:00
XinZhao,TOP,16.19,False,True,False,False,False,Black Cleaver > Manamune,Black Cleaver > Titanic Hydra > Manamune,Black Cleaver > Manamune > Death's Dance,matches_first_and_core,matches_reference,matches_reference,1 games; 100.0% observed wins,1 games; 100.0% observed wins,no observations; prefix cohort 0,no observations; prefix cohort 0,https://www.onetricks.gg/champions/builds/XinZhao?role=top,2026-10-01T19:14:21.717253+00:00
Yasuo,TOP,16.19,True,True,False,False,False,Blade of The Ruined King > Immortal Shieldbow,Stormrazor > Immortal Shieldbow > Infinity Edge,Blade of The Ruined King > Immortal Shieldbow > Lord Dominik's Regards,matches_first_and_core,matches_reference,matches_reference,134 games; 60.4% observed wins,134 games; 60.4% observed wins,55 purchases; 58.2% observed wins; prefix cohort 62,55 purchases; 58.2% observed wins; prefix cohort 62,https://www.onetricks.gg/champions/builds/Yasuo?role=top,2026-10-01T19:14:21.193365+00:00
Yasuo,BOTTOM,16.19,True,True,True,True,False,Immortal Shieldbow > Infinity Edge,Stormrazor > Immortal Shieldbow > Infinity Edge,Stormrazor > Immortal Shieldbow > Death's Dance,remaining_difference,local_purchase_evidence_differs_from_reference; source_score=1.0815; selected_score=1.0864; source_context=0; selected_context=0; not_proven_superiority,different_prefix; second-purchase comparison is not like-for-like,86 games; 60.5% observed wins,91 games; 59.3% observed wins,42 purchases; 59.5% observed wins; prefix cohort 50,44 purchases; 70.5% observed wins; prefix cohort 61,https://www.onetricks.gg/champions/builds/Yasuo?role=bot,2026-10-01T19:14:27.547252+00:00
Yone,MIDDLE,16.19,True,True,False,False,False,Immortal Shieldbow > Infinity Edge,Stormrazor > Immortal Shieldbow > Infinity Edge,Immortal Shieldbow > Infinity Edge > Death's Dance,matches_first_and_core,matches_reference,matches_reference,477 games; 50.9% observed wins,477 games; 50.9% observed wins,229 purchases; 59.0% observed wins; prefix cohort 257,229 purchases; 59.0% observed wins; prefix cohort 257,https://www.onetricks.gg/champions/builds/Yone,2026-10-01T18:27:19.108838+00:00
Yone,BOTTOM,16.19,True,True,True,True,False,Blade of The Ruined King > Immortal Shieldbow,Stormrazor > Immortal Shieldbow > Death's Dance,Immortal Shieldbow > Infinity Edge > Death's Dance,remaining_difference,excluded:outside_observed_pool,different_prefix; second-purchase comparison is not like-for-like,27 games; 51.9% observed wins,45 games; 53.3% observed wins,13 purchases; 46.2% observed wins; prefix cohort 16,31 purchases; 58.1% observed wins; prefix cohort 33,https://www.onetricks.gg/champions/builds/Yone?role=bot,2026-10-01T19:14:27.683316+00:00
Yorick,MIDDLE,16.19,True,True,False,False,False,Voltaic Cyclosword > Eclipse,Trinity Force > Black Cleaver > Spear of Shojin,Voltaic Cyclosword > Eclipse > Bastionbreaker,matches_first_and_core,matches_reference,matches_reference,no observations,no observations,no observations; prefix cohort 0,no observations; prefix cohort 0,https://www.onetricks.gg/champions/builds/Yorick?role=mid,2026-10-01T19:14:36.323184+00:00
Yorick,BOTTOM,16.19,False,True,False,True,False,Profane Hydra > Serpent's Fang,Profane Hydra > Winter's Approach > Protoplasm Harness,Profane Hydra > Winter's Approach > Protoplasm Harness,remaining_difference,matches_reference,excluded:absent_threat:shields,no observations,no observations,no observations; prefix cohort 0,no observations; prefix cohort 0,https://www.onetricks.gg/champions/builds/Yorick?role=bot,2026-10-01T19:14:36.212688+00:00
Yuumi,UTILITY,16.19,True,False,False,False,False,Ardent Censer,Echoes of Helia > Whispering Circlet > Redemption,Ardent Censer > Moonstone Renewer > Echoes of Helia,matches_first_and_core,matches_reference,no_second_reference,183 games; 53.6% observed wins,183 games; 53.6% observed wins,,23 purchases; 73.9% observed wins; prefix cohort 88,https://www.onetricks.gg/champions/builds/Yuumi,2026-10-01T18:29:48.648240+00:00
Zac,TOP,16.19,False,True,False,False,False,Sunfire Aegis > Spirit Visage,Sunfire Aegis > Riftmaker > Spirit Visage,Sunfire Aegis > Spirit Visage > Thornmail,matches_first_and_core,matches_reference,matches_reference,77 games; 50.6% observed wins,77 games; 50.6% observed wins,9 purchases; 55.6% observed wins; prefix cohort 30,9 purchases; 55.6% observed wins; prefix cohort 30,https://www.onetricks.gg/champions/builds/Zac?role=top,2026-10-01T19:14:47.551089+00:00
Zyra,TOP,16.19,True,True,False,False,False,Liandry's Torment > Rylai's Crystal Scepter,Blackfire Torch > Liandry's Torment > Malignance,Liandry's Torment > Rylai's Crystal Scepter > Shadowflame,matches_first_and_core,matches_reference,matches_reference,2 games; 0.0% observed wins,2 games; 0.0% observed wins,no observations; prefix cohort 0,no observations; prefix cohort 0,https://www.onetricks.gg/champions/builds/Zyra?role=top,2026-10-01T19:15:12.261259+00:00
Zyra,MIDDLE,16.19,True,True,False,False,False,Liandry's Torment > Blackfire Torch,Blackfire Torch > Shadowflame > Malignance,Liandry's Torment > Blackfire Torch > Rylai's Crystal Scepter,matches_first_and_core,matches_reference,matches_reference,8 games; 87.5% observed wins,8 games; 87.5% observed wins,2 purchases; 100.0% observed wins; prefix cohort 2,2 purchases; 100.0% observed wins; prefix cohort 2,https://www.onetricks.gg/champions/builds/Zyra?role=mid,2026-10-01T19:15:17.266513+00:00
